Num_Acc;senc;catv;occutc;obs;obsm;choc;manv;num_veh
200700039271;0;1;0;0;2;0;9;B01
200700039274;0;1;0;0;2;5;2;B01
200700039283;0;1;0;0;2;0;1;B01
200700039287;0;1;0;0;2;0;1;B01
200700039290;0;1;0;1;0;7;1;B01
200700039312;0;1;0;1;0;1;1;B01
200700039315;0;1;0;0;0;0;0;B02
200700039328;0;1;0;0;2;1;1;B02
200700039365;0;1;0;16;0;1;1;A01
200700039366;0;1;0;0;2;2;1;A01
200700039366;0;1;0;0;2;2;1;B02
200700039377;0;1;0;0;0;3;15;A01
200700039389;0;1;0;0;2;1;13;B02
200700039411;0;1;0;0;2;1;5;A01
200700039411;0;1;0;0;2;1;5;B02
200700039424;0;1;0;0;0;4;1;B02
200700039491;0;1;0;0;0;8;19;B02
200700039501;0;1;0;0;2;1;15;A01
200700039520;0;1;0;0;2;1;1;A01
200700039561;0;1;0;0;2;8;19;B02
200700039565;0;1;0;0;2;1;1;B02
200700039572;0;1;0;0;2;8;16;B02
200700039577;0;1;0;0;2;1;1;A01
200700039579;0;1;0;0;2;8;1;B02
200700039583;0;1;0;0;2;3;15;A01
200700039601;0;1;0;0;2;4;1;B02
200700039607;0;1;0;0;2;1;9;B02
200700039627;0;1;0;0;0;4;1;B02
200700039644;0;1;0;0;2;6;13;B02
200700039662;0;1;0;0;2;1;15;A01
200700039674;0;1;0;0;2;7;15;B02
200700039708;0;1;0;0;2;4;0;B02
200700039722;0;1;0;0;2;2;15;B02
200700039732;0;1;0;0;2;3;2;B02
200700039809;0;1;0;0;6;1;0;A01
200700039840;0;1;0;0;0;4;1;B02
200700039872;0;1;0;0;2;3;1;B02
200700039892;0;1;0;0;2;8;19;B02
200700039893;0;1;0;0;2;4;15;B02
200700039900;0;1;0;0;0;1;2;B02
200700039903;0;1;0;0;2;1;0;B02
200700039922;0;1;0;0;2;2;15;A01
200700039937;0;1;0;0;2;4;2;A01
200700039947;0;1;0;0;0;8;15;B02
200700039948;0;1;0;0;0;1;23;C03
200700039958;0;1;0;0;2;8;19;B02
200700039961;0;1;0;0;2;8;19;B02
200700039963;0;1;0;0;2;8;15;A01
200700039996;0;1;0;0;0;0;0;A01
200700040040;0;1;0;0;2;0;9;B02
200700040094;0;1;0;0;0;3;1;B02
200700040111;0;1;0;0;0;4;2;B02
200700040126;0;1;0;0;2;1;1;B02
200700040134;0;1;0;12;0;1;18;A01
200700040157;0;1;0;0;2;8;13;B02
200700040201;0;1;0;0;1;1;1;A01
200700040203;0;1;0;0;0;3;0;A01
200700040204;0;1;0;0;2;8;1;B02
200700040257;0;1;0;0;2;1;1;A01
200700040268;0;1;0;0;2;1;1;B02
200700040297;0;1;0;0;2;1;1;A01
200700040318;0;1;0;0;2;4;1;B02
200700040326;0;1;0;0;2;4;2;B02
200700040327;0;1;0;0;0;8;11;A01
200700040333;0;1;0;0;2;1;1;B02
200700040338;0;1;0;0;2;1;1;A01
200700040338;0;1;0;0;2;1;13;B02
200700040342;0;1;0;0;0;7;1;B02
200700040343;0;1;0;0;5;1;1;A01
200700040346;0;1;0;0;2;1;1;B02
200700040346;0;1;0;0;2;1;1;C03
200700040465;0;1;0;0;2;1;0;B02
200700040534;0;1;0;0;0;1;1;B02
200700040535;0;1;0;0;2;1;17;B02
200700040557;0;1;0;0;2;6;15;B02
200700040562;0;1;0;0;0;4;1;A01
200700040562;0;1;0;0;2;1;1;B02
200700040566;0;1;0;1;0;0;1;A01
200700040599;0;1;0;0;2;2;1;B02
200700040624;0;1;0;0;2;1;19;B02
200700040626;0;1;0;0;2;4;2;B02
200700040629;0;1;0;0;2;4;1;B02
200700040636;0;1;0;0;2;1;1;B02
200700040678;0;1;0;0;2;8;19;A01
200700040685;0;1;0;0;2;3;15;A01
200700040688;0;1;0;1;0;1;2;A01
200700040693;0;1;0;0;2;7;19;B02
200700040702;0;1;0;0;0;8;0;B02
200700040722;0;1;0;0;2;1;19;B02
200700040738;0;1;0;0;2;8;19;A01
200700040758;0;1;0;0;2;5;16;B02
200700040763;0;1;0;0;2;7;14;A01
200700040800;0;1;0;0;2;7;19;A01
200700040866;0;1;0;0;2;8;1;B02
200700040867;0;1;0;0;2;0;1;B02
200700040875;0;1;0;0;0;1;13;B02
200700040914;0;1;0;6;0;1;1;A01
200700040917;0;1;0;0;0;0;0;A01
200700040961;0;1;0;0;0;8;1;B02
200700040965;0;1;0;0;2;1;15;B02
200700040975;0;1;0;0;2;1;15;B02
200700040975;0;1;0;0;2;1;15;C03
200700040994;0;1;0;0;2;7;19;B02
200700041001;0;1;0;0;0;0;0;B02
200700041018;0;1;0;0;0;8;1;B02
200700041025;0;1;0;0;2;1;6;B02
200700041038;0;1;0;0;2;1;17;A01
200700041089;0;1;0;0;2;1;13;B02
200700041090;0;1;0;13;0;7;0;A01
200700041091;0;1;0;3;0;1;1;A01
200700041103;0;1;0;0;2;4;1;B02
200700041113;0;1;0;0;2;1;5;A01
200700041119;0;1;0;0;2;3;2;A01
200700041161;0;1;0;0;2;1;16;B02
200700041166;0;1;0;0;0;4;2;B02
200700041187;0;1;0;0;0;8;15;B02
200700041198;0;1;0;0;2;1;1;B02
200700041204;0;1;0;0;0;4;1;A01
200700041214;0;1;0;0;0;8;0;A01
200700041240;0;1;0;0;0;5;2;A01
200700041251;0;1;0;0;2;1;15;A01
200700041253;0;1;0;0;2;8;15;B02
200700041262;0;1;0;0;2;1;19;A01
200700041269;0;1;0;0;2;3;19;A01
200700041329;0;1;0;0;2;1;1;B02
200700041397;0;1;0;0;2;7;17;A01
200700041480;0;1;0;0;2;7;23;B02
200700041560;0;1;0;0;0;1;13;B02
200700041577;0;1;0;0;2;2;1;B02
200700041588;0;1;0;0;2;1;1;B02
200700041610;0;1;0;0;2;8;2;B01
200700041622;0;1;0;0;0;8;13;A01
200700041635;0;1;0;0;2;7;19;B01
200700041642;0;1;0;0;2;1;13;A01
200700041650;0;1;0;0;2;1;1;A01
200700041671;0;1;0;0;2;4;2;B01
200700041696;0;1;0;0;2;4;1;B01
200700041745;0;1;0;0;0;0;0;A01
200700041793;0;1;0;0;2;1;21;A01
200700041822;0;1;0;0;2;1;2;B01
200700041835;0;1;0;0;2;0;0;A01
200700041858;0;1;0;0;2;1;15;A01
200700041868;0;1;0;0;2;4;11;A01
200700041900;0;1;0;0;2;1;13;A01
200700041900;0;1;0;0;2;1;13;B01
200700041904;0;1;0;0;2;4;1;B01
200700041934;0;1;0;0;2;7;15;A01
200700041946;0;1;0;0;2;1;1;B01
200700041986;0;1;0;0;0;0;1;B01
200700041988;0;1;0;0;2;1;1;B01
200700041991;0;1;0;0;1;1;1;A01
200700042084;0;1;0;0;2;7;0;B01
200700042191;0;1;0;0;2;3;15;B01
200700042234;0;1;0;0;2;0;9;B01
200700042259;0;1;0;0;2;1;1;B01
200700042261;0;1;0;0;2;1;16;A01
200700042304;0;1;0;0;2;0;1;B01
200700042306;0;1;0;0;0;4;1;A01
200700042309;0;1;0;0;2;1;1;B01
200700042322;0;1;0;0;2;3;15;B01
200700042335;0;1;0;0;2;8;1;B01
200700042339;0;1;0;0;2;3;19;B01
200700042342;0;1;0;0;2;8;15;B01
200700042348;0;1;0;12;0;0;1;A01
200700042354;0;1;0;0;2;1;1;A01
200700042355;0;1;0;1;0;1;1;B01
200700042367;0;1;0;0;2;5;0;A01
200700042379;0;1;0;0;0;0;1;A01
200700042385;0;1;0;0;2;1;1;B01
200700042386;0;1;0;0;2;1;15;B01
200700042395;0;1;0;0;1;1;19;A01
200700042398;0;1;0;0;9;7;1;B01
200700042419;0;1;0;0;2;1;1;B01
200700042421;1;1;0;0;2;3;0;B01
200700042421;0;1;0;0;2;1;1;A01
200700042433;0;1;0;0;2;1;19;B01
200700042435;0;1;0;0;2;3;2;A01
200700042482;0;1;0;0;2;2;16;B01
200700042519;0;1;0;1;0;1;1;B01
200700042529;0;1;0;0;2;3;2;B01
200700042530;0;1;0;0;2;1;1;A01
200700042541;0;1;0;0;2;1;1;B01
200700042550;0;1;0;0;2;7;19;B01
200700042555;0;1;0;0;2;7;1;A01
200700042558;0;1;0;0;2;1;1;B01
200700042609;0;1;0;0;2;0;18;A01
200700042610;0;1;0;0;2;1;1;B01
200700042636;0;1;0;0;2;7;1;B01
200700042642;0;1;0;0;2;8;1;B01
200700042651;0;1;0;0;2;2;8;B01
200700042655;0;1;0;0;0;1;12;B01
200700042675;0;1;0;0;2;1;1;A01
200700042675;0;1;0;0;2;1;1;B01
200700042676;0;1;0;0;0;0;0;A01
200700042677;0;1;0;0;2;4;16;A01
200700042688;0;1;0;0;1;1;0;B01
200700042697;0;1;0;0;2;1;1;B01
200700042711;0;1;0;0;2;1;17;B01
200700042733;0;1;0;0;1;1;0;A01
200700042738;0;1;0;0;0;8;9;A01
200700042757;0;1;0;1;0;1;1;B01
200700042782;0;1;0;0;2;1;16;A01
200700042798;0;1;0;0;2;1;0;A01
200700042801;0;1;0;0;2;4;16;A01
200700042804;0;1;0;0;1;1;1;A01
200700042805;1;1;0;0;1;1;1;A01
200700042812;0;1;0;0;2;1;15;A01
200700042812;0;1;0;0;2;1;1;B01
200700042814;0;1;0;0;2;1;1;A01
200700042827;0;1;0;0;2;4;1;A01
200700042830;0;1;0;0;2;1;1;A01
200700042831;0;1;0;0;2;1;16;A01
200700042836;0;1;0;0;2;0;1;B01
200700042837;0;1;0;0;2;2;9;B01
200700042843;0;1;0;0;0;1;1;B01
200700042844;0;1;0;0;2;1;5;A01
200700042856;0;1;0;0;2;3;13;B01
200700042861;1;1;0;0;1;1;1;A01
200700042863;0;1;0;0;2;8;2;A01
200700042868;0;1;0;0;2;1;1;B01
200700042909;0;1;0;0;2;4;1;B01
200700042928;0;1;0;0;2;4;13;B01
200700042932;0;1;0;0;2;1;1;B01
200700042934;0;1;0;0;2;8;19;B01
200700042943;0;1;0;11;0;1;1;A01
200700042945;0;1;0;0;2;1;1;B01
200700042946;0;1;0;0;2;8;15;A01
200700042954;0;1;0;0;2;1;1;B01
200700042955;0;1;0;0;2;1;1;A01
200700042958;0;1;0;0;2;0;1;B01
200700042963;0;1;0;0;0;0;0;A01
200700042970;0;1;0;0;2;1;0;B01
200700042971;0;1;0;0;2;1;1;B01
200700042983;0;1;0;0;2;1;1;B01
200700042989;0;1;0;0;0;0;1;A01
200700042990;0;1;0;0;1;0;1;A01
200700042998;0;1;0;0;0;1;16;B01
200700043002;0;1;0;0;2;1;15;A01
200700043006;0;1;0;0;0;0;0;A01
200700043008;0;1;0;0;2;1;15;A01
200700043010;0;1;0;0;2;8;19;B01
200700043012;0;1;0;0;2;1;1;B01
200700043022;0;1;0;0;2;1;1;B01
200700043022;0;1;0;0;2;1;1;C01
200700043027;0;1;0;0;2;4;1;B01
200700043028;0;1;0;0;2;3;19;A01
200700043032;0;1;0;0;2;1;1;B01
200700043040;0;1;0;0;2;1;19;B01
200700043041;0;1;0;0;2;1;1;B01
200700043070;0;1;0;0;2;1;2;A01
200700043090;0;1;0;0;2;1;1;B01
200700043093;0;1;0;0;2;8;1;B01
200700043106;0;1;0;0;0;1;1;A01
200700043107;0;1;0;0;2;1;1;B01
200700043109;0;1;0;0;2;1;11;B01
200700043119;0;1;0;0;2;1;1;A01
200700043126;0;1;0;1;0;1;1;B01
200700043132;0;1;0;0;0;4;1;B01
200700043135;0;1;0;0;0;0;1;A01
200700043139;0;1;0;0;2;8;1;B01
200700043143;0;1;0;0;2;1;1;B01
200700043149;0;1;0;14;0;1;1;A01
200700043157;0;1;0;0;2;7;0;B01
200700043166;0;1;0;0;2;1;1;B01
200700043176;0;1;0;0;2;1;15;B01
200700043183;0;1;0;0;2;1;1;B01
200700043185;0;1;0;0;0;7;14;B01
200700043186;0;1;0;0;2;4;1;B01
200700043195;0;1;0;0;2;3;13;A01
200700043197;0;1;0;0;2;2;1;A01
200700043224;0;1;0;0;2;0;19;A01
200700043256;0;1;0;12;0;0;1;A01
200700043271;0;1;0;15;0;1;15;A01
200700043277;0;1;0;0;0;0;1;A01
200700043282;0;1;0;0;2;1;1;A01
200700043287;0;1;0;0;2;0;19;A01
200700043298;0;1;0;0;2;8;0;B01
200700043307;0;1;0;0;2;8;15;A01
200700043326;0;1;0;0;2;1;1;B01
200700043363;0;1;0;0;2;1;2;A01
200700043369;0;1;0;0;2;1;1;B01
200700043380;1;1;0;0;1;1;1;A01
200700043398;0;1;0;1;0;1;1;B01
200700043407;0;1;0;0;0;0;0;A01
200700043410;0;1;0;0;0;0;1;A01
200700043412;0;1;0;9;0;1;1;A01
200700043421;0;1;0;0;2;8;13;A01
200700043429;0;1;0;0;2;4;2;B01
200700043435;0;1;0;0;2;1;19;A01
200700043444;0;1;0;0;2;1;1;B01
200700043457;0;1;0;0;2;1;1;B01
200700043469;0;1;0;0;2;1;1;B01
200700043493;0;1;0;1;0;8;1;B01
200700043502;0;1;0;0;2;1;1;A01
200700043511;0;1;0;0;2;4;1;B01
200700043513;0;1;0;0;2;0;19;B01
200700043520;0;1;0;0;2;4;1;A01
200700043527;0;1;0;0;2;1;15;B01
200700043530;0;1;0;0;2;1;19;A01
200700043532;0;1;0;0;9;1;1;B01
200700043540;0;1;0;0;2;1;19;B01
200700043552;0;1;0;0;2;1;1;B01
200700043579;0;1;0;0;2;0;2;B01
200700043583;0;1;0;0;2;0;17;A01
200700043609;0;1;0;0;2;2;1;B01
200700043610;0;1;0;0;0;4;2;A01
200700043654;0;1;0;0;2;8;19;B01
200700043671;0;1;0;0;2;8;2;B01
200700043678;0;1;0;0;2;1;19;A01
200700043700;0;1;0;0;2;8;19;B01
200700043715;0;1;0;0;0;8;19;A01
200700043731;0;1;0;0;2;7;1;B01
200700043743;0;1;0;0;2;1;15;B01
200700043745;0;1;0;0;0;1;1;B01
200700043750;0;1;0;0;2;1;9;A01
200700043765;0;1;0;0;2;1;13;B01
200700043771;0;1;0;0;2;1;1;B01
200700043777;0;1;0;0;2;8;1;B01
200700043802;0;1;0;0;2;1;17;A01
200700043803;0;1;0;0;2;8;1;B01
200700043824;0;1;0;0;2;1;1;A01
200700043834;0;1;0;0;0;2;2;B01
200700043846;0;1;0;0;2;1;1;D01
200700043849;0;1;0;0;0;8;1;B01
200700043875;0;1;0;0;2;7;1;B01
200700043877;0;1;0;1;0;1;1;B01
200700043879;0;1;0;0;2;1;1;A01
200700043879;0;1;0;0;2;1;1;B01
200700043883;0;1;0;0;2;8;1;A01
200700043883;0;1;0;0;2;1;1;B01
200700043884;0;1;0;0;2;4;1;B01
200700043888;0;1;0;0;2;8;15;A01
200700043899;0;1;0;0;2;8;15;A01
200700043901;0;1;0;0;2;1;1;B01
200700043903;0;1;0;0;2;1;19;A01
200700043905;0;1;0;0;2;7;15;A01
200700043912;0;1;0;0;2;1;1;B01
200700043919;0;1;0;0;2;2;1;B01
200700043925;0;1;0;0;2;1;19;B01
200700043927;0;1;0;0;2;1;1;A01
200700043929;0;1;0;0;2;1;15;B01
200700043930;0;1;0;6;0;1;0;A01
200700043941;0;1;0;0;2;8;19;B01
200700043948;0;1;0;0;2;1;15;B01
200700043954;0;1;0;0;2;8;15;B01
200700043955;0;1;0;0;2;1;1;B01
200700043958;0;1;0;0;0;0;0;A01
200700043966;0;1;0;0;2;7;1;B01
200700043972;0;1;0;1;9;0;1;B01
200700043986;0;1;0;0;2;4;15;A01
200700044030;0;1;0;0;0;4;1;B01
200700044038;0;1;0;0;0;0;19;B01
200700044040;0;1;0;14;0;1;1;A01
200700044046;0;1;0;0;0;8;11;B01
200700044049;0;1;0;16;0;0;1;A01
200700044054;0;1;0;16;0;0;1;A01
200700044062;0;1;0;0;0;1;17;B01
200700044063;0;1;0;0;0;1;1;B01
200700044116;0;1;0;0;2;8;1;B01
200700044119;0;1;0;0;2;1;2;B01
200700044154;0;1;0;0;0;0;1;B01
200700044189;0;1;0;0;2;1;19;B01
200700044203;0;1;0;0;2;8;0;B01
200700044212;0;1;0;0;2;3;5;A01
200700044219;0;1;0;0;2;1;1;B01
200700044244;0;1;0;0;2;1;5;A01
200700044250;0;1;0;0;2;7;1;A01
200700044255;0;1;0;1;0;1;1;B01
200700044276;0;1;0;0;2;1;1;A01
200700044277;0;1;0;0;2;1;1;B01
200700044294;0;1;0;0;2;1;1;A01
200700044361;0;1;0;0;1;1;1;A01
200700044368;0;1;0;1;0;1;1;B01
200700044384;0;1;0;0;2;1;5;B01
200700044392;0;1;0;0;2;2;5;A01
200700044403;0;1;0;0;2;7;15;B01
200700044421;0;1;0;0;2;1;5;A01
200700044442;0;1;0;1;0;0;1;B01
200700044451;0;1;0;0;0;0;1;A01
200700044460;0;1;0;14;0;1;19;A01
200700044487;0;1;0;0;0;0;1;A01
200700044492;0;1;0;0;0;0;1;A01
200700044499;0;1;0;0;2;1;1;B01
200700044506;0;1;0;0;2;7;1;B01
200700044509;0;1;0;0;2;1;1;B01
200700044566;0;1;0;0;2;1;2;A01
200700044572;0;1;0;0;2;1;5;A01
200700044592;0;1;0;0;2;7;8;A01
200700044600;0;1;0;0;2;8;1;B01
200700044610;0;1;0;0;2;8;18;B01
200700044623;0;1;0;0;2;3;1;B01
200700044674;0;1;0;0;2;1;19;A01
200700044675;0;1;0;0;2;3;23;B01
200700044729;0;1;0;1;0;1;1;B01
200700044748;0;1;0;0;2;8;0;B01
200700044758;0;1;0;0;2;1;2;A01
200700044834;0;1;0;0;2;1;1;B01
200700044842;0;1;0;0;0;1;0;B01
200700044844;0;1;0;0;0;4;0;B01
200700044892;0;1;0;0;0;0;0;B01
200700044915;0;1;0;12;0;1;0;A01
200700044936;0;1;0;0;2;0;19;B01
200700044940;0;1;0;0;2;8;0;C01
200700044942;0;1;0;0;0;4;2;B01
200700044946;0;1;0;0;2;3;11;B01
200700044953;0;1;0;1;0;1;1;B01
200700044955;0;1;0;0;2;1;19;B01
200700044956;0;1;0;0;2;8;19;A01
200700045019;0;1;0;0;2;6;19;B01
200700045051;1;1;0;0;1;1;1;A01
200700045063;0;1;0;0;2;8;19;B01
200700045064;0;1;0;0;2;0;1;B01
200700045069;0;1;0;0;2;7;1;B01
200700045109;0;1;0;0;2;1;13;A01
200700045111;0;1;0;0;2;1;1;B01
200700045123;0;1;0;0;2;1;1;B01
200700045125;0;1;0;1;0;0;1;B01
200700045126;0;1;0;0;2;1;1;A01
200700045128;0;1;0;0;2;8;15;B01
200700045136;0;1;0;0;2;1;1;A01
200700045142;0;1;0;0;2;5;19;B01
200700045144;0;1;0;0;2;1;9;B01
200700045161;0;1;0;0;2;1;1;B01
200700045474;0;1;0;1;0;1;1;B01
200700045478;0;1;0;0;2;0;1;B01
200700045511;0;1;0;0;2;2;5;B01
200700045544;0;1;0;0;2;1;19;A01
200700045630;0;1;0;0;0;1;7;B01
200700045638;0;1;0;0;1;1;1;A01
200700045646;0;1;0;0;2;8;2;B01
200700045670;0;1;0;1;2;7;3;B01
200700045676;0;1;0;0;2;1;2;A01
200700045687;0;1;0;0;2;6;9;B01
200700045688;0;1;0;0;2;3;13;A01
200700045691;1;1;0;0;0;0;0;A01
200700045698;0;1;0;12;0;7;0;A01
200700045699;0;1;0;0;2;1;1;B01
200700045711;0;1;0;0;2;3;11;A01
200700045716;0;1;0;0;1;1;1;A01
200700045717;0;1;0;0;2;3;2;A01
200700045727;0;1;0;0;0;1;0;A01
200700045732;0;1;0;0;0;1;0;B01
200700045744;0;1;0;15;0;1;0;A01
200700045750;0;1;0;0;0;0;14;B01
200700045757;0;1;0;0;9;7;1;A01
200700045757;0;1;0;0;9;8;2;B01
200700045758;0;1;0;0;2;6;12;B01
200700045761;0;1;0;0;0;6;19;B01
200700045788;0;1;0;0;0;6;1;B01
200700045794;0;1;0;0;0;1;2;B01
200700045809;0;1;0;0;0;4;23;B01
200700045811;0;1;0;0;0;8;11;B01
200700045831;0;1;0;0;2;6;2;B01
200700045841;0;1;0;0;0;6;1;A01
200700045849;0;1;0;0;2;4;7;B01
200700045853;0;1;0;0;2;1;1;B01
200700045862;0;1;0;0;1;7;0;A01
200700045875;0;1;0;0;1;0;21;A01
200700045880;0;1;0;0;2;7;1;A01
200700045908;0;1;0;0;1;1;1;A01
200700045920;0;1;0;0;0;1;1;B01
200700045931;0;1;0;0;0;3;2;A01
200700045943;0;1;0;1;0;1;13;B01
200700045964;0;1;0;0;9;7;2;A01
200700045964;0;1;0;0;9;8;2;B01
200700045970;0;1;0;1;0;1;2;B01
200700045981;0;1;0;0;2;1;8;B01
200700045993;0;1;0;0;2;4;2;B01
200700045997;0;1;0;0;0;0;0;B01
200700046001;0;1;0;0;2;1;16;B01
200700046008;0;1;0;1;0;3;1;A01
200700046011;0;1;0;0;2;8;13;A01
200700046012;0;1;0;0;2;1;1;B01
200700046018;1;1;0;0;1;0;1;A01
200700046020;0;1;0;0;2;8;15;B01
200700046030;0;1;0;1;0;1;14;A01
200700046035;0;1;0;0;2;3;2;A01
200700046037;0;1;0;0;0;0;2;A01
200700046044;0;1;0;0;0;1;0;B01
200700046055;0;1;0;0;1;0;5;A01
200700046058;0;1;0;0;2;3;5;B01
200700046062;0;1;0;1;0;0;2;A01
200700046066;0;1;0;0;0;0;11;A01
200700046077;0;1;0;0;0;4;14;B01
200700046101;0;1;0;1;0;1;0;A01
200700046118;0;1;0;0;0;8;1;A01
200700046160;0;1;0;1;0;1;1;B01
200700046170;0;1;0;0;1;1;0;A01
200700046171;0;1;0;14;0;1;6;B01
200700046172;0;1;0;0;0;0;0;B01
200700046191;0;1;0;0;0;0;0;A01
200700046225;0;1;0;0;1;1;1;A01
200700046226;0;1;0;0;1;7;5;A01
200700046233;0;1;0;0;1;1;0;A01
200700046262;0;1;0;0;0;3;1;A01
200700046269;0;1;0;0;2;1;0;B01
200700046358;0;1;0;0;2;0;2;B01
200700046366;0;1;0;0;2;1;9;A01
200700046369;0;1;0;0;2;4;2;B01
200700046376;0;1;0;0;2;1;1;A01
200700046447;0;1;0;0;2;6;1;B02
200700046450;0;1;0;0;2;3;5;B02
200700046457;0;1;0;0;2;1;1;A01
200700046500;0;1;0;0;2;1;1;B02
200700046514;0;1;0;0;2;1;19;B02
200700046577;0;1;0;0;2;8;2;B02
200700046612;0;1;0;0;2;1;1;B02
200700046620;0;1;0;0;2;0;2;B02
200700046629;0;1;0;0;2;1;1;B02
200700046630;0;1;0;0;0;0;0;A01
200700046689;0;1;0;0;0;4;2;B02
200700046705;0;1;0;0;2;1;1;B02
200700046734;0;1;0;0;2;3;2;B02
200700046781;0;1;0;0;2;4;1;B02
200700046784;0;1;0;0;2;3;2;B02
200700046788;0;1;0;0;2;1;15;B02
200700046825;0;1;0;0;2;8;13;A01
200700046854;0;1;0;0;2;1;17;A01
200700046856;0;1;0;0;2;8;13;A01
200700046858;0;1;0;0;0;7;1;A01
200700046864;0;1;0;0;2;4;2;B02
200700046886;0;1;0;0;2;2;1;B02
200700046900;0;1;0;0;2;1;1;B02
200700046917;0;1;0;13;0;0;1;A01
200700046932;0;1;0;0;0;8;15;A01
200700046943;0;1;0;0;9;1;1;B02
200700046951;0;1;0;0;0;7;16;B02
200700047006;0;1;0;0;2;1;19;B02
200700047011;0;1;0;0;2;7;19;B02
200700047038;0;1;0;0;0;1;13;B02
200700047050;0;1;0;0;2;3;1;B02
200700047055;0;1;0;0;2;2;1;A01
200700047055;0;1;0;0;2;1;1;B02
200700047056;0;1;0;14;0;0;1;A01
200700047085;0;1;0;0;1;1;13;A01
200700047091;0;1;0;0;2;8;2;B02
200700047098;0;1;0;0;0;6;17;A01
200700047103;0;1;0;0;2;4;2;A01
200700047103;0;1;0;0;2;1;2;B02
200700047109;0;1;0;0;2;1;19;B02
200700047125;0;1;0;0;2;1;1;A01
200700047131;0;1;0;0;2;8;2;B02
200700047140;0;1;0;0;2;1;5;A01
200700047152;0;1;0;13;0;1;1;A01
200700047228;0;1;0;13;0;1;1;A01
200700047246;0;1;0;0;2;1;1;B02
200700047290;0;1;0;0;2;1;1;B02
200700047317;0;1;0;0;2;1;19;B02
200700047331;0;1;0;0;2;1;1;B02
200700047358;0;1;0;0;0;8;19;B02
200700047366;0;1;0;0;2;1;1;B02
200700047410;0;1;0;13;0;1;21;A01
200700047423;0;1;0;0;2;3;1;C03
200700047437;0;1;0;0;2;8;1;B02
200700047475;0;1;0;0;0;6;11;B02
200700047498;0;1;0;0;2;3;1;B02
200700047503;0;1;0;0;2;8;1;B02
200700047505;0;1;0;0;0;4;1;A01
200700047602;0;1;0;0;2;0;9;B02
200700047632;0;1;0;0;2;0;1;B02
200700047641;0;1;0;0;2;1;1;B02
200700047646;0;1;0;0;2;0;0;B02
200700047677;0;1;0;0;2;1;0;B02
200700047677;0;1;0;0;2;1;0;C03
200700047749;0;1;0;0;2;1;1;B02
200700047768;0;1;0;0;2;1;1;B02
200700047783;0;1;0;0;2;1;1;B02
200700047784;0;1;0;0;2;1;5;B02
200700047791;0;1;0;0;2;1;15;B02
200700047823;0;1;0;0;2;1;1;A01
200700047850;0;1;0;0;2;0;1;A01
200700047862;0;1;0;0;2;8;1;B02
200700047877;0;1;0;0;2;4;2;B02
200700047898;0;1;0;0;2;1;1;B02
200700047905;0;1;0;0;2;8;15;A01
200700047914;0;1;0;0;0;1;13;A01
200700047961;0;1;0;0;0;8;19;B02
200700048013;0;1;0;0;2;7;19;B02
200700048049;0;1;0;0;2;9;1;C03
200700048057;0;1;0;0;2;3;19;B02
200700048079;0;1;0;16;0;1;1;A01
200700048148;0;1;0;0;2;1;1;B02
200700048207;0;1;0;0;0;0;0;B02
200700048207;0;1;0;0;0;0;0;C03
200700048207;0;1;0;0;0;0;0;D04
200700048250;0;1;0;0;0;8;1;A01
200700048311;0;1;0;0;2;1;19;B02
200700048322;0;1;0;0;2;3;13;B02
200700048359;0;1;0;0;0;4;1;B02
200700048406;0;1;0;0;2;6;15;A01