Num_Acc;senc;catv;occutc;obs;obsm;choc;manv;num_veh
200700048425;0;1;0;0;0;4;0;B02
200700048425;0;1;0;0;0;4;0;C03
200700048431;0;1;0;0;2;8;1;B02
200700048451;0;1;0;0;2;4;2;B02
200700048481;0;1;0;0;2;0;15;B02
200700048483;0;1;0;0;2;1;0;B02
200700048511;0;1;0;0;2;4;19;A01
200700048540;0;1;0;0;0;1;1;A01
200700048545;0;1;0;0;0;4;1;B02
200700048551;0;1;0;1;0;1;1;B01
200700048554;0;1;0;1;2;1;16;A01
200700048556;0;1;0;0;2;2;19;B01
200700048579;0;1;0;0;2;1;1;B01
200700048590;0;1;0;0;2;1;1;B01
200700048621;0;1;0;0;2;2;1;B01
200700048646;0;1;0;0;2;4;1;B01
200700048659;0;1;0;0;1;1;0;A01
200700048693;0;1;0;0;0;0;0;A01
200700048704;0;1;0;0;0;4;1;A01
200700048724;0;1;0;0;2;1;5;A01
200700048748;0;1;0;0;2;0;0;B01
200700048752;0;1;0;0;2;2;1;B01
200700048762;0;1;0;0;1;1;1;A01
200700048770;0;1;0;0;2;0;2;B01
200700048826;0;1;0;0;2;4;1;B01
200700048849;0;1;0;0;2;7;17;A01
200700048891;0;1;0;0;2;1;5;A01
200700048899;0;1;0;0;2;1;21;B01
200700048900;0;1;0;0;2;1;0;B01
200700048903;0;1;0;0;2;0;1;B01
200700048911;0;1;0;0;0;0;1;A01
200700048995;0;1;0;0;0;0;11;A01
200700049032;0;1;0;0;2;1;1;B01
200700049080;0;1;0;0;2;2;1;B01
200700049139;0;1;0;0;2;1;13;A01
200700049173;0;1;0;0;2;6;1;B01
200700049180;0;1;0;1;0;1;1;A01
200700049186;0;1;0;1;0;1;1;B01
200700049187;0;1;0;0;2;4;1;B01
200700049194;0;1;0;0;2;6;1;B01
200700049239;0;1;0;0;2;0;13;A01
200700049246;0;1;0;0;2;1;19;A01
200700049255;0;1;0;0;2;2;11;B01
200700049315;0;1;0;14;0;1;1;A01
200700049326;0;1;0;0;2;1;2;B01
200700049327;0;1;0;0;2;1;13;A01
200700049328;0;1;0;0;2;8;19;B01
200700049359;0;1;0;0;2;1;1;B01
200700049361;0;1;0;0;2;8;1;B01
200700049363;0;1;0;0;1;8;19;B01
200700049366;0;1;0;0;2;1;1;B01
200700049388;0;1;0;0;2;1;19;A01
200700049417;0;1;0;0;2;6;1;B01
200700049418;0;1;0;0;0;1;1;B01
200700049431;0;1;0;0;2;1;1;B01
200700049463;0;1;0;0;2;0;1;B01
200700049471;0;1;0;1;0;1;1;B01
200700049478;0;1;0;0;2;3;2;A01
200700049480;0;1;0;0;2;1;5;A01
200700049486;0;1;0;0;2;0;0;A01
200700049493;0;1;0;0;0;7;19;A01
200700049496;0;1;0;0;2;4;2;B01
200700049499;0;1;0;0;2;1;1;B01
200700049500;0;1;0;0;2;1;1;B01
200700049534;0;1;0;0;2;1;0;B01
200700049548;0;1;0;0;2;1;1;A01
200700049567;0;1;0;0;2;8;19;B01
200700049568;0;1;0;0;2;8;1;B01
200700049570;0;1;0;0;2;1;19;A01
200700049575;0;1;0;0;0;4;11;B01
200700049587;0;1;0;0;2;3;15;B01
200700049588;0;1;0;0;2;3;1;B01
200700049591;0;1;0;0;2;1;1;B01
200700049631;0;1;0;0;2;8;13;A01
200700049640;0;1;0;0;2;1;1;B01
200700049655;0;1;0;0;2;0;9;A01
200700049677;0;1;0;0;2;7;19;B01
200700049685;0;1;0;0;2;4;2;B01
200700049712;0;1;0;14;0;1;1;A01
200700049757;0;1;0;0;2;0;19;B01
200700049763;0;1;0;0;2;9;1;B01
200700049775;0;1;0;0;2;0;1;B01
200700049783;0;1;0;0;2;4;0;A01
200700049801;0;1;0;0;0;0;1;A01
200700049804;0;1;0;1;1;1;3;B01
200700049806;0;1;0;0;2;7;9;A01
200700049813;0;1;0;0;2;1;1;B01
200700049827;0;1;0;0;2;1;15;B01
200700049828;0;1;0;0;2;4;17;B01
200700049838;0;1;0;1;0;1;1;B01
200700049838;0;1;0;14;0;1;1;C01
200700049838;0;1;0;14;0;1;1;D01
200700049857;0;1;0;0;2;1;15;B01
200700049887;0;1;0;0;2;1;1;A01
200700049890;0;1;0;0;2;5;1;B01
200700049904;0;1;0;0;2;1;1;B01
200700049913;0;1;0;0;2;6;11;B01
200700049922;0;1;0;0;2;1;1;A01
200700049923;0;1;0;0;2;1;1;A01
200700049924;0;1;0;0;2;1;0;A01
200700049925;0;1;0;0;2;3;0;B01
200700049929;0;1;0;0;0;4;2;B01
200700049931;0;1;0;0;2;8;19;A01
200700049940;0;1;0;0;2;7;1;B01
200700049954;0;1;0;0;2;5;1;A01
200700049957;0;1;0;0;2;0;19;A01
200700049958;0;1;0;0;2;3;1;B01
200700049960;0;1;0;0;2;1;19;A01
200700049966;0;1;0;0;2;8;19;A01
200700049970;0;1;0;0;2;8;1;B01
200700049980;0;1;0;0;2;0;1;B01
200700049996;0;1;0;0;0;4;13;B01
200700049999;0;1;0;0;2;6;0;A01
200700050005;0;1;0;0;2;8;1;B01
200700050007;0;1;0;0;0;0;1;A01
200700050011;0;1;0;0;2;0;0;B01
200700050026;0;1;0;0;2;8;1;B01
200700050046;0;1;0;0;2;7;5;A01
200700050056;0;1;0;0;2;8;1;B01
200700050068;0;1;0;0;2;1;1;B01
200700050070;0;1;0;0;2;4;1;B01
200700050072;0;1;0;0;2;1;1;A01
200700050074;0;1;0;0;0;0;0;B01
200700050084;0;1;0;0;2;0;1;B01
200700050100;0;1;0;0;2;1;19;B01
200700050101;0;1;0;0;2;1;1;A01
200700050111;0;1;0;0;0;7;1;A01
200700050122;0;1;0;0;2;1;15;B01
200700050137;0;1;0;0;2;8;3;B01
200700050152;0;1;0;0;2;8;1;B01
200700050152;0;1;0;0;2;8;1;C01
200700050156;0;1;0;0;2;8;1;B01
200700050168;0;1;0;0;2;1;9;A01
200700050200;0;1;0;1;0;2;0;A01
200700050201;0;1;0;0;2;3;15;B01
200700050213;0;1;0;0;2;7;19;A01
200700050215;0;1;0;0;2;4;1;B01
200700050225;0;1;0;1;0;1;1;B01
200700050227;0;1;0;0;2;1;1;B01
200700050229;0;1;0;0;2;0;1;B01
200700050232;0;1;0;0;2;5;23;B01
200700050233;0;1;0;0;2;1;5;A01
200700050234;0;1;0;0;2;1;1;A01
200700050238;0;1;0;0;2;1;0;A01
200700050251;0;1;0;0;2;1;1;B01
200700050259;0;1;0;0;2;1;15;A01
200700050260;0;1;0;0;2;1;2;B01
200700050261;0;1;0;0;2;1;1;A01
200700050265;0;1;0;0;0;0;0;A01
200700050268;0;1;0;0;2;0;1;B01
200700050295;0;1;0;0;2;0;1;B01
200700050304;0;1;0;0;2;1;1;B01
200700050305;0;1;0;0;1;1;1;A01
200700050316;0;1;0;0;0;0;0;B01
200700050348;0;1;0;0;2;0;2;B01
200700050350;0;1;0;0;2;8;13;B01
200700050388;0;1;0;0;2;1;1;B01
200700050396;0;1;0;1;0;1;14;A01
200700050410;0;1;0;0;2;2;17;B01
200700050444;0;1;0;0;2;1;15;B01
200700050451;0;1;0;0;2;4;16;A01
200700050456;0;1;0;0;2;1;15;A01
200700050465;0;1;0;0;2;8;2;B01
200700050466;0;1;0;0;1;1;1;A01
200700050483;0;1;0;0;2;1;9;A01
200700050487;0;1;0;0;2;1;1;A01
200700050495;0;1;0;1;0;1;1;B01
200700050511;0;1;0;0;2;1;15;A01
200700050514;0;1;0;0;2;1;1;B01
200700050518;0;1;0;0;0;0;10;C01
200700050519;0;1;0;0;2;8;19;B01
200700050520;0;1;0;0;2;7;19;A01
200700050522;0;1;0;0;2;1;1;B01
200700050538;0;1;0;0;2;8;19;A01
200700050546;0;1;0;0;2;1;19;B01
200700050549;0;1;0;0;2;4;19;A01
200700050554;0;1;0;0;2;1;1;B01
200700050554;0;1;0;0;2;0;19;A01
200700050557;0;1;0;0;2;3;1;B01
200700050577;0;1;0;0;2;1;19;A01
200700050584;0;1;0;0;2;1;11;B01
200700050593;0;1;0;0;2;2;1;B01
200700050595;0;1;0;0;2;7;1;B01
200700050620;0;1;0;0;0;7;14;A01
200700050635;0;1;0;0;0;1;19;A01
200700050646;0;1;0;0;0;0;1;B01
200700050650;0;1;0;0;0;1;1;A01
200700050660;0;1;0;0;0;1;15;B01
200700050710;0;1;0;0;0;1;0;A01
200700050714;0;1;0;1;0;5;1;A01
200700050715;0;1;0;0;1;8;0;A01
200700050728;0;1;0;0;0;0;0;B01
200700050731;0;1;0;0;2;1;1;B01
200700050754;0;1;0;0;0;2;1;B01
200700050755;0;1;0;0;2;8;19;A01
200700050768;0;1;0;0;2;8;1;B01
200700050772;0;1;0;0;2;7;1;B01
200700050808;0;1;0;0;2;1;19;A01
200700050813;0;1;0;0;2;1;1;B01
200700050836;0;1;0;0;2;2;1;B01
200700050844;0;1;0;0;2;4;9;B01
200700050851;0;1;0;0;2;1;1;B01
200700050852;0;1;0;0;2;1;0;B01
200700050858;0;1;0;0;2;8;1;B01
200700050870;0;1;0;0;2;1;1;B01
200700050901;0;1;0;0;2;1;0;B01
200700050915;0;1;0;0;1;1;5;A01
200700050931;0;1;0;0;2;1;2;B01
200700050946;0;1;0;0;2;1;1;B01
200700050966;0;1;0;16;0;1;2;A01
200700050973;0;1;0;0;0;1;2;A01
200700051012;0;1;0;0;2;4;1;B01
200700051023;0;1;0;0;2;4;1;B01
200700051025;0;1;0;0;2;8;19;B01
200700051026;0;1;0;0;2;1;1;B01
200700051043;0;1;0;0;2;1;5;A01
200700051057;0;1;0;0;2;1;19;B01
200700051063;0;1;0;0;1;1;0;A01
200700051121;0;1;0;0;2;8;11;B01
200700051128;0;1;0;0;2;1;17;B01
200700051148;0;1;0;0;0;0;19;B01
200700051183;0;1;0;0;2;1;1;B01
200700051195;0;1;0;0;2;6;0;B01
200700051213;0;1;0;0;2;1;0;B01
200700051215;0;1;0;0;0;1;2;A01
200700051232;0;1;0;0;2;1;5;B01
200700051238;0;1;0;0;2;1;1;B01
200700051240;0;1;0;0;2;1;2;A01
200700051269;0;1;0;0;2;4;1;B01
200700051280;0;1;0;1;0;3;18;B01
200700051316;0;1;0;0;2;2;1;B01
200700051318;0;1;0;0;2;3;1;B01
200700051337;0;1;0;0;2;0;0;A01
200700051368;0;1;0;0;0;0;0;B01
200700051372;0;1;0;1;0;1;1;A01
200700051379;0;1;0;0;2;1;1;B01
200700051396;0;1;0;0;0;0;0;A01
200700051413;0;1;0;0;2;1;17;B01
200700051419;0;1;0;0;0;7;2;A01
200700051422;0;1;0;0;0;0;2;B01
200700051427;0;1;0;0;2;1;2;B01
200700051430;0;1;0;15;0;1;1;A01
200700051455;0;1;0;0;2;1;2;A01
200700051456;0;1;0;0;2;1;1;B01
200700051460;0;1;0;0;2;1;5;A01
200700051474;0;1;0;0;2;1;5;A01
200700051771;0;1;0;0;2;3;1;A01
200700051782;0;1;0;0;2;1;2;A01
200700051783;0;1;0;0;2;1;7;B01
200700051836;0;1;0;0;2;4;15;A01
200700051920;0;1;0;0;2;7;1;B01
200700051921;0;1;0;1;0;1;1;B01
200700051931;0;1;0;0;0;3;7;B01
200700051936;0;1;0;0;0;6;11;A01
200700051940;0;1;0;0;2;3;1;A01
200700051940;0;1;0;0;0;5;2;B01
200700051942;0;1;0;0;2;1;2;A01
200700051942;0;1;0;0;0;4;2;B01
200700051944;0;1;0;0;0;0;2;A01
200700051946;0;1;0;0;2;1;2;A01
200700051947;0;1;0;0;1;1;1;A01
200700051948;0;1;0;0;0;0;7;B01
200700051958;0;1;0;0;2;3;7;B01
200700051971;0;1;0;0;0;5;1;B01
200700051986;0;1;0;1;0;1;1;B01
200700051987;0;1;0;0;0;7;19;C01
200700052029;0;1;0;0;0;1;2;A01
200700052045;0;1;0;0;2;1;0;B01
200700052049;0;1;0;0;2;1;1;A01
200700052052;0;1;0;0;0;0;1;A01
200700052055;0;1;0;0;2;8;7;B01
200700052057;0;1;0;0;2;4;7;B01
200700052060;0;1;0;0;0;0;0;B01
200700052064;0;1;0;0;0;4;2;B01
200700052084;0;1;0;0;2;1;5;A01
200700052095;0;1;0;0;2;8;19;B01
200700052096;0;1;0;0;0;0;0;A01
200700052097;0;1;0;0;0;0;0;A01
200700052098;0;1;0;6;0;3;1;A01
200700052101;0;1;0;0;0;4;2;B01
200700052111;0;1;0;16;0;7;2;A01
200700052126;0;1;0;0;2;6;11;B01
200700052129;0;1;0;0;9;1;22;B01
200700052145;0;1;0;0;0;3;10;A01
200700052157;0;1;0;1;0;1;3;B01
200700052166;0;1;0;0;2;1;2;A01
200700052170;0;1;0;0;0;0;2;A01
200700052180;0;1;0;0;0;0;11;A01
200700052212;0;1;0;0;0;1;0;A01
200700052221;0;1;0;0;2;1;2;A01
200700052221;0;1;0;0;2;0;2;B01
200700052221;0;1;0;0;2;0;1;C01
200700052221;0;1;0;0;2;0;2;D01
200700052235;0;1;0;1;0;7;0;B01
200700052238;0;1;0;0;1;1;1;A01
200700052274;0;1;0;0;2;1;2;B01
200700052275;1;1;0;0;1;0;2;A01
200700052295;0;1;0;0;0;0;0;A01
200700052301;0;1;0;0;2;1;1;B01
200700052325;0;1;0;0;2;8;1;B01
200700052329;0;1;0;0;0;1;1;A01
200700052337;0;1;0;0;0;4;2;B01
200700052347;0;1;0;0;0;0;2;A01
200700052356;0;1;0;0;2;8;1;B01
200700052357;0;1;0;0;2;0;0;B01
200700052358;0;1;0;0;0;0;0;A01
200700052366;0;1;0;0;2;1;19;B01
200700052368;0;1;0;0;9;4;2;A01
200700052373;0;1;0;0;2;1;2;A01
200700052496;0;1;0;0;2;1;2;A01
200700052497;0;1;0;0;2;1;1;B01
200700052500;0;1;0;0;2;8;1;B01
200700052513;0;1;0;0;0;1;19;A01
200700052516;0;1;0;0;2;8;19;B01
200700052519;0;1;0;0;2;0;1;B01
200700052524;0;1;0;0;2;0;0;B01
200700052533;0;1;0;0;0;0;0;B01
200700052616;0;1;0;1;0;1;1;B02
200700052640;0;1;0;0;0;0;0;B02
200700052641;0;1;0;0;2;6;15;B02
200700052679;0;1;0;0;0;0;0;B02
200700052680;0;1;0;0;2;8;15;B02
200700052681;0;1;0;0;0;4;11;B02
200700052754;0;1;0;0;0;1;1;B02
200700052785;0;1;0;0;2;1;1;B02
200700052822;0;1;0;0;0;4;1;B02
200700052837;0;1;0;0;2;7;1;B02
200700052847;0;1;0;0;0;0;2;B02
200700052897;0;1;0;0;2;8;15;A01
200700052922;0;1;0;0;2;8;15;A01
200700052937;0;1;0;0;0;1;1;B02
200700052941;0;1;0;0;2;7;15;B02
200700052979;0;1;0;0;2;6;19;A01
200700053038;0;1;0;0;0;0;16;B02
200700053095;0;1;0;0;2;6;19;B02
200700053098;0;1;0;0;2;4;2;B02
200700053098;0;1;0;0;2;4;2;C03
200700053121;0;1;0;0;2;1;1;B02
200700053122;0;1;0;0;2;2;1;B02
200700053189;0;1;0;0;2;4;1;B02
200700053193;0;1;0;0;0;0;1;B02
200700053202;0;1;0;0;0;6;1;B02
200700053217;0;1;0;0;2;1;13;A01
200700053272;0;1;0;0;0;1;19;B02
200700053331;0;1;0;0;2;2;15;B02
200700053336;0;1;0;13;5;1;1;A01
200700053369;0;1;0;0;0;1;0;A01
200700053371;0;1;0;0;5;2;0;A01
200700053380;0;1;0;0;2;1;1;A01
200700053431;0;1;0;12;0;1;0;A01
200700053439;0;1;0;0;2;4;2;B02
200700053454;0;1;0;0;2;1;1;B02
200700053456;0;1;0;0;2;7;1;B02
200700053465;0;1;0;1;0;1;1;A01
200700053496;0;1;0;0;1;2;1;A01
200700053500;0;1;0;0;2;8;15;B02
200700053500;0;1;0;0;2;8;15;C03
200700053508;0;1;0;0;0;0;15;B02
200700053516;0;1;0;0;2;1;1;A01
200700053537;0;1;0;0;2;0;15;B02
200700053538;0;1;0;0;2;3;2;A01
200700053546;0;1;0;0;0;1;21;A01
200700053549;0;1;0;0;0;1;0;A01
200700053550;0;1;0;0;0;1;16;B02
200700053558;0;1;0;0;2;1;19;B02
200700053599;0;1;0;0;2;1;15;B02
200700053612;0;1;0;13;0;1;1;A01
200700053615;0;1;0;0;2;1;1;A01
200700053626;0;1;0;16;0;0;16;A01
200700053703;0;1;0;9;1;1;0;A01
200700053705;0;1;0;0;2;1;1;A01
200700053710;0;1;0;0;2;5;1;B02
200700053717;0;1;0;0;2;1;1;B02
200700053767;0;1;0;0;2;1;17;B02
200700053776;0;1;0;0;2;1;1;B02
200700053805;0;1;0;0;2;4;2;B02
200700053828;0;1;0;0;2;1;1;B02
200700053855;0;1;0;0;0;4;1;B02
200700053855;0;1;0;0;0;4;0;C03
200700053862;0;1;0;0;0;1;13;B02
200700053867;0;1;0;0;2;7;1;A01
200700053876;0;1;0;0;2;1;1;B02
200700053891;0;1;0;0;2;2;16;B02
200700053949;0;1;0;0;0;4;1;B02
200700053952;0;1;0;0;2;8;19;B02
200700053953;0;1;0;0;2;8;1;B02
200700053962;0;1;0;0;0;3;1;B02
200700054030;0;1;0;0;2;1;17;B02
200700054030;0;1;0;0;2;1;17;C03
200700054063;0;1;0;0;2;2;2;A01
200700054104;0;1;0;0;2;1;1;B02
200700054130;0;1;0;0;2;4;1;A01
200700054169;0;1;0;0;2;4;13;B02
200700054170;0;1;0;0;2;5;19;B02
200700054174;0;1;0;0;2;1;15;B02
200700054187;0;1;0;0;2;1;13;A01
200700054193;0;1;0;10;0;1;1;A01
200700054212;0;1;0;0;2;8;1;C03
200700054228;0;1;0;11;0;1;13;A01
200700054228;0;1;0;11;0;1;1;B02
200700054228;0;1;0;0;0;1;2;C03
200700054267;0;1;0;0;2;1;15;A01
200700054272;0;1;0;0;0;3;1;B02
200700054279;0;1;0;0;2;6;1;B02
200700054279;0;1;0;0;2;6;1;C03
200700054296;0;1;0;12;0;0;1;B02
200700054299;0;1;0;0;2;7;1;B02
200700054307;0;1;0;0;0;4;16;A01
200700054338;0;1;0;0;2;1;19;A01
200700054360;0;1;0;0;0;4;2;B02
200700054374;0;1;0;0;0;4;16;B02
200700054378;0;1;0;0;2;6;2;B02
200700054385;0;1;0;0;2;4;1;B02
200700054453;0;1;0;0;2;1;1;B02
200700054475;0;1;0;0;2;1;1;A01
200700054477;0;1;0;0;2;1;1;B02
200700054486;0;1;0;0;2;1;2;B02
200700054535;0;1;0;0;2;8;1;B02
200700054546;0;1;0;0;2;4;1;A01
200700054597;0;1;0;0;1;1;5;A01
200700054610;0;1;0;0;2;1;1;B02
200700054615;0;1;0;0;1;1;5;A01
200700054620;0;1;0;0;2;1;1;B01
200700054624;0;1;0;0;2;4;1;B01
200700054647;0;1;0;0;2;1;15;B01
200700054668;0;1;0;0;2;4;14;B01
200700054675;0;1;0;0;2;8;2;B01
200700054677;0;1;0;0;2;3;0;A01
200700054679;0;1;0;0;2;1;2;A01
200700054718;0;1;0;0;2;1;1;B01
200700054723;0;1;0;1;2;1;1;B01
200700054754;0;1;0;0;0;5;2;B01
200700054766;0;1;0;0;2;1;1;B01
200700054793;0;1;0;0;2;5;1;B01
200700054799;0;1;0;0;1;1;1;A01
200700054824;0;1;0;0;9;0;1;B01
200700054824;0;1;0;0;9;1;19;A01
200700054838;0;1;0;0;2;0;0;B01
200700054843;0;1;0;0;2;1;15;A01
200700054910;0;1;0;0;2;4;2;B01
200700054920;0;1;0;0;2;1;1;A01
200700054952;0;1;0;0;2;0;2;B01
200700054953;0;1;0;1;0;1;21;B01
200700054959;0;1;0;14;0;1;15;A01
200700054966;0;1;0;0;2;1;15;A01
200700054979;0;1;0;0;1;1;2;A01
200700054983;0;1;0;0;2;1;15;B01
200700054992;0;1;0;0;2;7;1;B01
200700054995;0;1;0;0;2;0;1;B01
200700054997;0;1;0;0;2;7;1;B01
200700055000;0;1;0;0;2;0;1;B01
200700055002;0;1;0;0;0;0;15;A01
200700055050;0;1;0;0;0;4;0;B01
200700055073;0;1;0;1;0;1;2;B01
200700055124;0;1;0;0;2;3;1;A01
200700055146;0;1;0;0;2;1;8;B01
200700055182;0;1;0;1;0;0;0;B01
200700055200;0;1;0;0;0;0;0;A01
200700055210;0;1;0;0;0;8;1;B01
200700055235;0;1;0;0;2;4;2;A01
200700055262;0;1;0;0;2;4;23;B01
200700055295;0;1;0;0;2;1;15;B01
200700055313;0;1;0;0;0;1;1;B01
200700055318;0;1;0;12;0;1;1;A01
200700055342;0;1;0;0;0;0;1;A01
200700055345;0;1;0;0;2;8;1;B01
200700055355;0;1;0;0;2;7;15;B01
200700055357;0;1;0;0;2;1;1;B01
200700055366;0;1;0;1;0;3;1;A01
200700055378;0;1;0;0;2;4;1;B01
200700055379;0;1;0;0;1;1;1;A01
200700055385;0;1;0;0;2;1;1;B01
200700055398;0;1;0;0;2;3;15;B01
200700055451;0;1;0;0;2;1;1;A01
200700055454;0;1;0;0;2;2;15;B01
200700055456;0;1;0;0;2;1;2;A01
200700055459;0;1;0;0;1;1;1;A01
200700055496;0;1;0;0;2;0;9;A01
200700055498;0;1;0;0;2;4;1;B01
200700055499;0;1;0;0;2;1;1;B01
200700055510;0;1;0;0;2;1;19;A01
200700055519;0;1;0;0;2;8;15;A01
200700055521;0;1;0;0;2;1;2;B01
200700055535;0;1;0;0;2;1;15;A01
200700055537;0;1;0;0;2;4;9;B01
200700055545;0;1;0;0;2;1;1;A01
200700055554;0;1;0;0;2;1;1;A01
200700055556;0;1;0;0;2;1;15;B01
200700055557;0;1;0;0;2;1;13;A01
200700055574;0;1;0;0;2;1;1;A01
200700055574;0;1;0;0;2;4;1;B01
200700055578;0;1;0;0;2;7;19;A01
200700055581;0;1;0;0;2;1;1;A01
200700055581;0;1;0;0;2;8;15;B01
200700055582;0;1;0;0;2;0;23;B01
200700055593;0;1;0;0;2;1;5;B01
200700055602;0;1;0;0;2;4;13;B01
200700055606;0;1;0;0;2;8;1;B01
200700055654;0;1;0;0;2;8;2;B01
200700055658;0;1;0;0;2;8;1;B01
200700055671;0;1;0;0;2;1;1;B01
200700055684;0;1;0;0;2;6;1;B01
200700055699;0;1;0;0;2;1;1;B01
200700055705;0;1;0;0;2;1;2;A01
200700055710;0;1;0;15;0;1;1;A01
200700055711;0;1;0;0;2;1;1;B01
200700055715;0;1;0;0;0;0;1;A01
200700055728;0;1;0;0;0;0;0;A01
200700055738;0;1;0;0;2;1;1;B01
200700055742;0;1;0;0;2;3;19;A01
200700055745;0;1;0;0;2;3;1;A01
200700055774;0;1;0;0;1;1;1;A01
200700055787;0;1;0;0;2;1;15;A01
200700055789;0;1;0;0;2;8;16;B01
200700055816;0;1;0;0;2;0;0;B01
200700055832;0;1;0;0;2;1;1;B01
200700055848;0;1;0;0;0;9;1;C01
200700055852;0;1;0;0;2;8;5;A01
200700055883;0;1;0;0;0;4;1;B01
200700055888;0;1;0;0;2;3;13;A01
200700055895;0;1;0;0;0;0;0;A01
200700055899;0;1;0;0;2;0;1;B01
200700055908;0;1;0;0;1;1;1;A01
200700055910;0;1;0;0;2;0;1;B01
200700055912;0;1;0;0;2;1;1;A01
200700055930;0;1;0;0;2;1;1;A01
200700055937;0;1;0;0;2;1;1;B01
200700055950;0;1;0;0;2;1;1;B01
200700055952;0;1;0;0;2;1;5;A01
200700055960;0;1;0;0;2;1;1;B01
200700055965;0;1;0;0;2;1;16;B01
200700055969;0;1;0;0;2;0;1;A01
200700055993;0;1;0;0;2;1;2;A01
200700056020;0;1;0;0;0;0;0;A01
200700056026;0;1;0;0;2;0;0;B01
200700056033;0;1;0;0;0;6;19;A01
200700056039;0;1;0;0;2;1;1;B01
200700056055;0;1;0;0;1;7;0;A01
200700056060;0;1;0;0;2;2;16;B01
200700056064;0;1;0;0;2;1;15;B01
200700056067;0;1;0;0;2;8;1;B01
200700056070;0;1;0;0;2;1;5;A01
200700056074;0;1;0;0;2;9;1;A01
200700056077;0;1;0;0;2;1;2;A01
200700056091;0;1;0;0;0;1;19;A01
200700056101;0;1;0;0;2;0;1;B01
200700056121;0;1;0;0;2;0;1;A01
200700056124;0;1;0;0;2;0;1;B01
200700056125;0;1;0;0;2;9;1;B01
200700056126;0;1;0;0;2;0;1;B01
200700056139;0;1;0;0;2;2;1;B01
200700056150;0;1;0;0;2;1;1;A01
200700056161;0;1;0;0;2;1;1;B01
200700056175;0;1;0;0;2;7;19;B01
200700056181;0;1;0;0;0;0;1;B01
200700056184;0;1;0;0;2;7;1;A01
200700056187;0;1;0;0;2;4;1;A01
200700056189;0;1;0;0;2;1;1;A01
200700056192;0;1;0;0;2;1;9;B01
200700056193;0;1;0;0;2;1;1;B01
200700056194;0;1;0;0;2;7;1;A01
200700056204;0;1;0;1;2;4;1;B01
200700056207;0;1;0;0;2;1;1;A01
200700056209;0;1;0;1;0;1;1;B01
200700056230;0;1;0;0;2;1;1;B01
200700056232;0;1;0;0;2;8;15;B01
200700056237;0;1;0;0;2;7;1;B01
200700056251;0;1;0;0;0;0;1;A01
200700056264;0;1;0;0;2;1;1;A01
200700056272;0;1;0;1;0;1;1;B01
200700056282;0;1;0;0;2;3;1;B01
200700056300;0;1;0;1;0;1;1;B01
200700056303;0;1;0;0;2;1;5;A01
200700056326;0;1;0;0;2;4;1;B01
200700056328;0;1;0;0;2;1;1;A01
200700056334;0;1;0;0;2;3;19;A01
200700056342;0;1;0;0;2;7;1;A01
200700056346;0;1;0;0;2;8;15;B01
200700056353;0;1;0;0;2;4;1;B01
200700056362;0;1;0;0;2;1;1;A01
200700056380;0;1;0;0;2;0;1;A01
200700056385;0;1;0;0;2;5;1;B01
200700056398;0;1;0;0;2;8;15;B01
200700056405;0;1;0;0;1;1;1;A01
200700056406;0;1;0;0;2;8;1;A01
200700056413;0;1;0;0;0;0;0;A01
200700056415;0;1;0;0;2;0;0;B01
200700056416;0;1;0;0;2;1;0;A01
200700056417;0;1;0;0;2;0;0;A01
200700056424;0;1;0;0;2;1;12;A01
200700056428;0;1;0;0;2;1;1;A01