Num_Acc;senc;catv;occutc;obs;obsm;choc;manv;num_veh
200700056431;0;1;0;0;2;1;16;B01
200700056433;0;1;0;0;2;8;5;A01
200700056438;0;1;0;0;1;1;1;B01
200700056445;0;1;0;0;9;1;2;A01
200700056450;0;1;0;0;9;0;1;A01
200700056450;0;1;0;0;9;0;1;B01
200700056454;0;1;0;1;0;3;2;A01
200700056458;0;1;0;12;0;0;14;A01
200700056470;0;1;0;0;0;0;1;A01
200700056473;0;1;0;0;2;0;19;A01
200700056475;0;1;0;0;2;0;2;B01
200700056492;0;1;0;0;2;4;15;A01
200700056496;0;1;0;0;0;0;1;A01
200700056529;0;1;0;0;1;1;1;A01
200700056546;0;1;0;0;2;8;2;B01
200700056564;0;1;0;0;2;1;1;A01
200700056570;0;1;0;0;2;6;19;A01
200700056575;0;1;0;0;2;4;1;B01
200700056576;0;1;0;0;2;1;13;B01
200700056582;0;1;0;0;2;1;15;B01
200700056587;0;1;0;0;2;7;19;A01
200700056611;0;1;0;0;2;1;1;B01
200700056614;0;1;0;1;0;8;1;B01
200700056642;0;1;0;0;2;8;15;B01
200700056643;0;1;0;0;2;0;19;B01
200700056660;0;1;0;0;2;7;19;B01
200700056676;0;1;0;0;2;1;1;B01
200700056687;0;1;0;0;2;3;13;B01
200700056696;0;1;0;0;2;1;9;A01
200700056698;0;1;0;0;2;8;19;B01
200700056711;0;1;0;0;2;1;1;B01
200700056749;0;1;0;0;2;1;1;A01
200700056756;0;1;0;0;2;8;0;B01
200700056771;0;1;0;0;2;3;0;A01
200700056779;0;1;0;0;2;1;1;B01
200700056793;0;1;0;0;2;1;1;A01
200700056794;0;1;0;0;2;7;1;A01
200700056798;0;1;0;0;2;7;1;B01
200700056802;0;1;0;0;2;1;17;B01
200700056805;0;1;0;0;2;1;15;A01
200700056807;0;1;0;0;2;1;1;B01
200700056812;0;1;0;0;2;4;1;A01
200700056816;0;1;0;1;0;7;1;B01
200700056824;0;1;0;0;2;1;1;A01
200700056828;0;1;0;0;2;1;1;B01
200700056836;0;1;0;0;2;1;1;A01
200700056837;0;1;0;0;2;1;2;B01
200700056854;0;1;0;0;2;0;19;B01
200700056855;0;1;0;0;2;1;1;B01
200700056868;0;1;0;0;2;9;16;B01
200700056872;0;1;0;0;2;0;1;B01
200700056876;0;1;0;0;2;4;1;B01
200700056883;0;1;0;0;2;0;10;A01
200700056890;0;1;0;0;2;0;1;B01
200700056892;0;1;0;0;1;0;1;A01
200700056896;0;1;0;0;2;0;17;B01
200700056911;0;1;0;0;2;2;0;A01
200700056916;0;1;0;0;2;8;16;B01
200700056918;0;1;0;0;2;1;1;B01
200700056919;0;1;0;0;2;7;1;B01
200700056947;0;1;0;0;0;4;2;B01
200700056958;0;1;0;0;2;3;11;B01
200700056968;0;1;0;0;0;7;1;A01
200700056983;0;1;0;0;2;8;13;B01
200700056985;0;1;0;0;2;8;1;B01
200700056988;0;1;0;0;2;1;15;A01
200700056992;0;1;0;1;2;8;1;B01
200700057008;0;1;0;0;2;0;2;B01
200700057016;0;1;0;0;2;1;19;B01
200700057018;0;1;0;0;2;1;1;B01
200700057032;0;1;0;0;2;1;1;A01
200700057043;0;1;0;0;2;3;0;A01
200700057059;0;1;0;0;2;6;0;B01
200700057060;0;1;0;0;2;1;1;A01
200700057072;0;1;0;0;2;1;1;B01
200700057078;0;1;0;0;2;3;1;B01
200700057079;0;1;0;0;2;8;19;B01
200700057091;0;1;0;0;2;7;1;B01
200700057099;0;1;0;0;2;8;1;B01
200700057100;0;1;0;0;2;7;1;B01
200700057102;0;1;0;0;2;4;13;B01
200700057114;0;1;0;0;2;1;1;B01
200700057130;0;1;0;0;0;4;1;B01
200700057138;0;1;0;0;2;7;1;B01
200700057154;0;1;0;0;2;0;1;A01
200700057168;0;1;0;0;2;1;1;A01
200700057172;0;1;0;0;2;1;1;B01
200700057173;0;1;0;0;2;8;0;A01
200700057176;0;1;0;0;2;1;1;A01
200700057176;0;1;0;0;2;1;1;B01
200700057177;0;1;0;0;2;1;19;A01
200700057181;0;1;0;0;2;4;1;B01
200700057182;0;1;0;0;2;1;1;B01
200700057199;0;1;0;0;2;3;15;A01
200700057200;0;1;0;0;2;1;19;B01
200700057202;1;1;0;0;1;1;1;A01
200700057204;0;1;0;0;2;1;1;B01
200700057205;0;1;0;0;2;3;15;B01
200700057216;0;1;0;0;2;1;15;B01
200700057218;0;1;0;0;2;3;19;A01
200700057219;0;1;0;0;2;1;1;A01
200700057223;0;1;0;0;2;0;0;B01
200700057224;0;1;0;0;2;1;1;A01
200700057226;0;1;0;0;1;1;1;A01
200700057229;0;1;0;0;2;0;1;B01
200700057230;0;1;0;0;2;8;5;B01
200700057233;0;1;0;0;2;1;1;B01
200700057236;0;1;0;0;2;3;1;B01
200700057248;0;1;0;0;0;4;2;B01
200700057259;0;1;0;0;2;2;15;B01
200700057270;0;1;0;0;2;1;2;B01
200700057287;0;1;0;0;2;7;0;B01
200700057292;0;1;0;0;1;1;1;A01
200700057303;0;1;0;0;2;8;11;A01
200700057310;0;1;0;0;0;3;15;B01
200700057327;0;1;0;0;2;2;0;A01
200700057331;0;1;0;0;0;7;5;A01
200700057335;0;1;0;6;0;1;1;A01
200700057346;0;1;0;0;2;1;15;A01
200700057366;0;1;0;16;0;0;1;A01
200700057373;0;1;0;1;0;7;1;B01
200700057375;0;1;0;0;2;1;1;A01
200700057423;0;1;0;0;2;1;0;B01
200700057437;0;1;0;0;0;1;0;A01
200700057445;0;1;0;0;2;1;13;A01
200700057454;0;1;0;0;2;0;0;B01
200700057467;0;1;0;0;2;0;17;B01
200700057501;0;1;0;13;0;1;5;A01
200700057501;0;1;0;13;0;1;0;B01
200700057526;0;1;0;0;0;4;1;B01
200700057530;0;1;0;0;2;1;1;B01
200700057531;0;1;0;0;1;1;1;A01
200700057541;0;1;0;0;0;8;13;B01
200700057567;0;1;0;0;2;7;1;B01
200700057571;0;1;0;0;2;8;1;B01
200700057575;0;1;0;0;2;2;19;A01
200700057579;0;1;0;0;2;7;1;A01
200700057647;0;1;0;0;2;4;1;B01
200700057657;0;1;0;0;2;1;16;A01
200700057657;0;1;0;0;2;4;1;B01
200700057658;0;1;0;12;2;1;1;B01
200700057673;0;1;0;0;2;1;1;A01
200700057674;0;1;0;0;2;3;19;B01
200700057681;0;1;0;0;1;1;1;A01
200700057698;0;1;0;1;2;7;1;B01
200700057701;0;1;0;0;0;4;1;B01
200700057742;0;1;0;0;2;1;2;B01
200700057756;0;1;0;12;2;0;1;B01
200700057760;0;1;0;15;2;0;2;A01
200700057810;0;1;0;0;0;1;0;A01
200700057828;0;1;0;0;2;8;1;B01
200700057832;0;1;0;0;2;1;1;B01
200700057838;0;1;0;0;2;1;1;B01
200700057846;0;1;0;0;0;0;2;A01
200700057852;0;1;0;0;2;4;15;B01
200700057853;0;1;0;0;2;1;2;A01
200700057853;0;1;0;0;2;1;19;B01
200700057855;0;1;0;0;2;1;2;B01
200700057866;0;1;0;0;2;5;1;B01
200700057891;0;1;0;1;0;1;2;B01
200700057895;0;1;0;0;0;0;1;A01
200700057922;0;1;0;0;1;1;1;A01
200700057929;0;1;0;0;2;1;2;A01
200700057940;0;1;0;0;2;4;1;B01
200700057956;0;1;0;0;2;1;1;A01
200700057956;0;1;0;0;2;1;1;B01
200700057971;0;1;0;0;2;8;1;B01
200700057977;0;1;0;0;2;1;1;A01
200700057978;0;1;0;0;2;1;1;B01
200700057993;0;1;0;0;2;1;1;B01
200700058019;0;1;0;0;2;1;2;B01
200700058029;0;1;0;0;2;4;0;B01
200700058030;0;1;0;0;1;1;21;A01
200700058035;0;1;0;0;2;8;19;B01
200700058042;0;1;0;0;2;1;21;A01
200700058042;0;1;0;0;0;4;2;B01
200700058066;0;1;0;0;2;2;1;B01
200700058077;0;1;0;0;2;4;12;B01
200700058110;0;1;0;0;0;4;1;B01
200700058116;0;1;0;0;1;1;1;A01
200700058144;0;1;0;0;2;3;1;B01
200700058216;0;1;0;0;9;1;0;B01
200700058219;0;1;0;0;2;1;19;A01
200700058220;0;1;0;0;1;0;0;A01
200700058224;0;1;0;0;0;3;1;B01
200700058294;0;1;0;0;0;0;19;B01
200700058317;0;1;0;0;0;0;0;A01
200700058321;0;1;0;0;2;8;1;B01
200700058329;0;1;0;0;2;1;2;B01
200700058345;0;1;0;0;2;1;1;A01
200700058345;0;1;0;0;2;1;5;B01
200700058362;0;1;0;0;2;1;19;B01
200700058404;0;1;0;0;0;0;0;C01
200700058407;0;1;0;0;2;4;2;A01
200700058409;0;1;0;0;2;8;19;B01
200700058410;0;1;0;0;9;4;0;B01
200700058449;0;1;0;0;2;1;9;B01
200700058452;0;1;0;0;0;1;2;A01
200700058454;0;1;0;0;0;0;1;B01
200700058458;0;1;0;0;0;0;19;B01
200700058467;0;1;0;0;2;4;1;B01
200700058481;0;1;0;0;2;1;0;B01
200700058493;0;1;0;0;2;0;1;B01
200700058508;0;1;0;0;1;1;1;B01
200700058539;0;1;0;0;2;3;2;A01
200700058555;0;1;0;0;2;1;11;A01
200700058590;0;1;0;0;1;1;17;A01
200700058617;0;1;0;0;2;1;1;B01
200700058626;0;1;0;0;2;1;1;B01
200700058628;0;1;0;0;2;1;1;B01
200700058633;0;1;0;0;2;7;15;A01
200700058642;0;1;0;0;0;4;0;A01
200700058857;0;1;0;0;2;8;19;B01
200700058909;0;1;0;0;2;7;1;A01
200700058952;0;1;0;0;2;8;1;B01
200700058953;0;1;0;0;2;1;1;A01
200700058953;0;1;0;0;2;1;1;B01
200700058962;0;1;0;1;0;1;1;B01
200700058971;0;1;0;0;2;1;1;B01
200700058980;0;1;0;0;2;1;3;B01
200700059003;0;1;0;0;2;7;19;B01
200700059023;0;1;0;0;2;3;15;A01
200700059024;0;1;0;0;1;1;1;A01
200700059030;0;1;0;0;2;1;1;A01
200700059082;0;1;0;0;2;1;1;B01
200700059143;0;1;0;0;2;7;15;A01
200700059145;0;1;0;0;2;5;9;A01
200700059146;0;1;0;0;0;1;1;B01
200700059153;0;1;0;0;0;6;11;A01
200700059161;0;1;0;0;1;0;1;A01
200700059165;0;1;0;0;0;8;11;A01
200700059182;0;1;0;1;0;7;1;B01
200700059184;0;1;0;0;2;1;1;B01
200700059188;0;1;0;0;1;7;1;A01
200700059190;0;1;0;0;1;0;5;A01
200700059206;0;1;0;0;0;0;2;B01
200700059215;0;1;0;0;1;1;7;A01
200700059216;0;1;0;0;1;7;1;A01
200700059218;0;1;0;1;0;7;7;B01
200700059219;0;1;0;8;0;1;5;A01
200700059222;0;1;0;0;2;8;19;B01
200700059224;0;1;0;0;2;7;19;A01
200700059230;0;1;0;0;1;7;19;A01
200700059241;0;1;0;0;0;1;1;A01
200700059242;0;1;0;0;2;3;2;A01
200700059256;0;1;0;1;0;1;2;B01
200700059267;0;1;0;0;2;1;2;B01
200700059270;0;1;0;0;0;1;2;B01
200700059282;0;1;0;0;0;1;2;A01
200700059295;0;1;0;0;1;1;0;A01
200700059310;0;1;0;0;2;1;1;A01
200700059316;0;1;0;1;0;1;1;B01
200700059317;0;1;0;0;0;0;0;A01
200700059348;0;1;0;0;1;1;2;A01
200700059361;0;1;0;0;0;4;1;B01
200700059365;0;1;0;0;2;2;1;B01
200700059370;1;1;0;0;2;4;19;B01
200700059377;0;1;0;0;2;1;1;B01
200700059390;0;1;0;1;0;2;2;B01
200700059392;0;1;0;0;9;4;2;A01
200700059392;0;1;0;0;9;1;2;B01
200700059402;0;1;0;0;0;5;1;B01
200700059406;0;1;0;0;0;2;1;A01
200700059416;0;1;0;0;0;0;0;A01
200700059420;0;1;0;1;2;7;2;B01
200700059421;0;1;0;1;9;3;21;B01
200700059433;0;1;0;0;1;1;0;A01
200700059438;0;1;0;0;2;1;1;A01
200700059438;0;1;0;0;2;1;1;B01
200700059439;0;1;0;0;0;5;1;B01
200700059441;0;1;0;0;0;7;0;A01
200700059443;0;1;0;0;0;0;5;A01
200700059445;0;1;0;0;0;0;11;A01
200700059447;0;1;0;0;1;1;1;A01
200700059450;0;1;0;0;2;2;1;B01
200700059461;0;1;0;0;2;1;1;B01
200700059465;0;1;0;0;0;4;0;A01
200700059465;1;1;0;0;0;4;2;B01
200700059466;0;1;0;0;2;1;1;B01
200700059468;0;1;0;0;0;3;0;A01
200700059472;0;1;0;0;1;1;0;A01
200700059472;0;1;0;0;0;0;0;B01
200700059473;0;1;0;0;0;4;1;B01
200700059474;0;1;0;0;2;1;0;A01
200700059474;0;1;0;0;2;4;0;B01
200700059481;0;1;0;0;0;4;2;B01
200700059482;0;1;0;9;0;0;0;A01
200700059485;0;1;0;0;2;7;19;A01
200700059486;0;1;0;1;0;8;0;B01
200700059507;0;1;0;0;2;7;2;B01
200700059513;0;1;0;0;1;1;0;A01
200700059520;0;1;0;0;0;0;0;B01
200700059521;0;1;0;0;0;1;21;B01
200700059525;0;1;0;0;2;1;1;A01
200700059529;0;1;0;0;1;1;1;A01
200700059529;0;1;0;0;1;0;1;B01
200700059530;0;1;0;0;0;6;2;A01
200700059541;0;1;0;0;2;1;18;A01
200700059544;0;1;0;0;2;7;9;B01
200700059548;0;1;0;0;2;1;2;B01
200700059557;0;1;0;1;0;2;2;B01
200700059564;0;1;0;0;2;8;1;B01
200700059568;0;1;0;0;4;8;19;B01
200700059583;0;1;0;0;0;0;0;A01
200700059583;0;1;0;0;0;0;0;B01
200700059586;0;1;0;0;0;4;2;B01
200700059589;0;1;0;0;2;1;0;A01
200700059629;0;1;0;0;0;0;0;A01
200700059632;0;1;0;0;2;1;5;A01
200700059640;0;1;0;0;2;0;2;A01
200700059644;0;1;0;0;2;1;2;B01
200700059659;0;1;0;0;2;2;18;B01
200700059683;0;1;0;0;0;0;15;B01
200700059686;0;1;0;0;2;3;1;B01
200700059687;1;1;0;0;1;0;0;A01
200700059701;0;1;0;0;0;5;16;B01
200700059707;0;1;0;0;0;8;21;A01
200700059713;0;1;0;0;0;0;21;B01
200700059716;0;1;0;0;2;4;2;A01
200700059717;0;1;0;0;0;3;1;B01
200700059741;0;1;0;0;0;4;2;B01
200700059770;0;1;0;0;2;3;1;A01
200700059779;0;1;0;1;2;6;19;A01
200700059783;0;1;0;0;2;1;1;A01
200700059783;0;1;0;0;2;0;1;B01
200700059783;0;1;0;0;2;1;0;C01
200700059783;0;1;0;0;2;1;2;D01
200700059788;0;1;0;0;2;1;2;B01
200700059814;0;1;0;0;2;1;1;B01
200700059889;0;1;0;0;2;7;2;B01
200700059893;0;1;0;0;0;2;1;A01
200700059906;0;1;0;0;2;4;13;B01
200700059908;0;1;0;0;2;1;17;A01
200700059924;0;1;0;0;0;1;1;B02
200700059955;0;1;0;0;0;1;0;B02
200700059965;0;1;0;0;2;4;1;A01
200700060019;0;1;0;0;2;3;15;B02
200700060027;0;1;0;0;2;1;19;B02
200700060029;0;1;0;0;2;8;19;B02
200700060041;0;1;0;0;1;1;1;A01
200700060048;0;1;0;0;2;6;19;B02
200700060065;0;1;0;0;2;1;19;B02
200700060071;0;1;0;0;2;7;19;B02
200700060133;0;1;0;0;2;1;1;B02
200700060158;0;1;0;0;0;4;1;B02
200700060174;0;1;0;0;2;8;23;B02
200700060187;0;1;0;0;2;8;19;A01
200700060295;0;1;0;0;2;4;9;B02
200700060307;0;1;0;0;2;1;1;B02
200700060345;0;1;0;0;2;8;1;A01
200700060361;0;1;0;0;0;4;1;B02
200700060362;0;1;0;0;2;1;1;B02
200700060462;0;1;0;0;0;0;1;A01
200700060463;0;1;0;0;2;1;15;B02
200700060466;0;1;0;0;2;7;1;B02
200700060494;0;1;0;0;2;8;16;B02
200700060519;0;1;0;0;2;1;1;B02
200700060523;0;1;0;0;2;7;1;A01
200700060563;0;1;0;0;2;1;15;B02
200700060591;0;1;0;2;0;6;19;B02
200700060648;0;1;0;0;2;3;2;B02
200700060685;0;1;0;0;2;1;18;B02
200700060700;0;1;0;0;2;7;1;B02
200700060718;0;1;0;0;2;7;19;A01
200700060737;0;1;0;14;0;1;1;A01
200700060748;0;1;0;0;2;1;1;B02
200700060756;0;1;0;0;2;4;1;B02
200700060762;0;1;0;0;2;4;13;B02
200700060810;0;1;0;0;0;4;15;B02
200700060811;0;1;0;0;2;8;2;B02
200700060851;0;1;0;0;0;4;2;B02
200700060902;0;1;0;0;2;8;1;B02
200700060914;0;1;0;0;2;6;1;B02
200700060916;0;1;0;0;2;7;1;B02
200700060933;0;1;0;0;2;1;0;A01
200700060999;0;1;0;3;0;7;1;A01
200700061017;0;1;0;0;9;7;17;B02
200700061019;0;1;0;0;0;6;15;A01
200700061020;0;1;0;0;2;4;6;A01
200700061050;0;1;0;0;5;0;15;A01
200700061076;0;1;0;0;2;1;1;B02
200700061102;0;1;0;0;2;1;19;B02
200700061176;0;1;0;0;0;3;1;B02
200700061179;0;1;0;0;0;0;1;A01
200700061186;0;1;0;13;0;0;1;A01
200700061198;0;1;0;0;2;3;1;B02
200700061213;0;1;0;0;2;1;0;B02
200700061235;0;1;0;0;0;6;2;B02
200700061260;0;1;0;0;2;8;1;B02
200700061269;0;1;0;0;2;1;1;B02
200700061293;0;1;0;0;2;7;1;B02
200700061340;0;1;0;0;2;1;0;B02
200700061353;0;1;0;0;0;4;1;B02
200700061375;0;1;0;0;2;8;1;B02
200700061410;0;1;0;0;9;1;1;B02
200700061420;0;1;0;0;1;1;1;A01
200700061492;0;1;0;0;2;1;0;B02
200700061494;0;1;0;0;0;7;1;B02
200700061519;0;1;0;0;2;7;19;B02
200700061539;0;1;0;0;2;6;13;B02
200700061551;0;1;0;0;2;6;13;B02
200700061614;0;1;0;0;2;8;1;B02
200700061628;0;1;0;0;2;7;17;B02
200700061669;0;1;0;0;2;1;15;A01
200700061719;0;1;0;0;2;1;1;B02
200700061727;0;1;0;0;2;1;15;B02
200700061738;0;1;0;0;2;5;1;B01
200700061742;0;1;0;0;2;1;1;B01
200700061746;0;1;0;0;2;8;19;B01
200700061751;0;1;0;0;2;2;19;A01
200700061752;0;1;0;0;0;4;13;A01
200700061810;0;1;0;0;2;4;2;B01
200700061817;0;1;0;0;2;1;19;A01
200700061823;0;1;0;0;2;0;19;A01
200700061882;0;1;0;0;2;1;18;A01
200700061904;0;1;0;0;0;0;1;A01
200700061944;0;1;0;0;2;1;1;B01
200700061946;0;1;0;0;2;4;1;B01
200700061949;0;1;0;0;2;3;7;A01
200700061953;0;1;0;0;2;1;0;A01
200700061983;0;1;0;1;0;1;1;B01
200700062037;0;1;0;0;2;0;9;B01
200700062095;0;1;0;0;2;1;1;B01
200700062098;0;1;0;0;0;8;19;B01
200700062109;0;1;0;0;2;8;1;B01
200700062110;0;1;0;0;2;1;1;B01
200700062112;0;1;0;0;2;1;1;B01
200700062131;0;1;0;0;2;7;19;B01
200700062150;0;1;0;0;2;4;2;B01
200700062154;0;1;0;0;2;3;21;A01
200700062163;0;1;0;0;2;4;1;B01
200700062166;0;1;0;0;2;1;1;B01
200700062243;0;1;0;0;2;7;19;B01
200700062254;0;1;0;0;2;0;0;B01
200700062295;0;1;0;0;2;1;0;A01
200700062301;0;1;0;0;2;1;18;A01
200700062326;0;1;0;0;2;8;19;B01
200700062351;0;1;0;0;0;0;0;B01
200700062469;0;1;0;0;2;6;0;B01
200700062532;0;1;0;0;2;1;19;A01
200700062539;0;1;0;0;2;1;16;B01
200700062539;0;1;0;0;2;0;1;A01
200700062549;0;1;0;0;2;0;2;B01
200700062591;0;1;0;0;2;1;1;B01
200700062608;0;1;0;1;0;1;22;B01
200700062611;0;1;0;0;2;1;1;C01
200700062622;0;1;0;0;2;4;9;A01
200700062629;0;1;0;0;2;4;1;A01
200700062630;0;1;0;1;2;9;1;B01
200700062631;0;1;0;0;2;8;1;B01
200700062632;0;1;0;0;2;1;1;B01
200700062633;0;1;0;0;2;7;19;B01
200700062635;0;1;0;0;1;1;1;A01
200700062636;0;1;0;0;2;8;1;B01
200700062637;0;1;0;0;2;7;1;B01
200700062645;0;1;0;1;0;1;17;B01
200700062650;0;1;0;0;2;7;1;B01
200700062652;0;1;0;0;2;4;23;B01
200700062656;0;1;0;0;2;1;1;B01
200700062660;0;1;0;0;2;4;1;A01
200700062671;0;1;0;0;2;1;19;B01
200700062688;0;1;0;1;0;7;2;A01
200700062691;0;1;0;0;2;1;14;B01
200700062724;0;1;0;0;2;4;15;B01
200700062727;0;1;0;0;2;1;19;B01
200700062733;0;1;0;0;2;1;1;B01
200700062773;0;1;0;0;2;1;18;B01
200700062787;0;1;0;0;0;0;1;A01
200700062833;0;1;0;0;2;3;0;A01
200700062836;0;1;0;0;2;1;1;B01
200700062852;0;1;0;0;2;7;19;B01
200700062859;0;1;0;0;2;2;1;B01
200700062861;0;1;0;0;2;1;1;B01
200700062866;0;1;0;0;2;1;1;B01
200700062876;0;1;0;0;2;1;1;A01
200700062877;0;1;0;0;2;3;1;B01
200700062907;0;1;0;0;2;6;10;A01
200700062928;0;1;0;0;1;1;1;A01
200700062940;0;1;0;0;2;1;1;B01
200700062951;0;1;0;0;2;0;2;B01
200700062955;0;1;0;0;2;1;1;B01
200700062961;0;1;0;0;2;1;5;A01
200700062986;0;1;0;0;2;8;1;A01
200700062990;0;1;0;0;2;1;1;B01
200700063002;0;1;0;0;2;1;13;A01
200700063041;0;1;0;1;0;1;1;B01
200700063043;0;1;0;0;1;1;1;A01
200700063047;0;1;0;0;2;1;1;B01
200700063083;0;1;0;0;2;1;1;B01
200700063085;0;1;0;0;2;7;17;A01
200700063086;0;1;0;0;2;8;15;A01
200700063098;0;1;0;0;2;8;1;B01
200700063099;0;1;0;0;1;1;1;A01
200700063126;0;1;0;0;2;5;1;B01
200700063127;0;1;0;0;2;8;19;B01
200700063134;0;1;0;0;2;4;15;B01
200700063140;0;1;0;0;1;1;1;A01
200700063144;0;1;0;0;2;1;15;B01
200700063145;0;1;0;0;2;3;13;A01
200700063162;0;1;0;1;0;7;1;B01
200700063169;0;1;0;0;1;0;1;A01
200700063170;0;1;0;0;4;1;1;A01
200700063175;0;1;0;0;2;1;1;B01
200700063177;0;1;0;0;2;1;1;B01
200700063183;0;1;0;0;2;4;1;A01
200700063199;0;1;0;0;2;1;1;A01
200700063205;0;1;0;0;2;1;19;B01
200700063220;0;1;0;0;2;8;9;B01
200700063231;0;1;0;0;2;1;1;A01
200700063231;0;1;0;0;2;1;1;B01
200700063241;0;1;0;0;2;1;1;B01
200700063245;0;1;0;1;2;1;1;A01
200700063252;0;1;0;0;2;4;1;A01
200700063257;0;1;0;0;2;9;16;A01
200700063271;0;1;0;0;2;7;1;B01
200700063272;0;1;0;0;2;0;9;A01
200700063273;0;1;0;0;2;4;1;B01
200700063305;0;1;0;0;2;1;1;B01
200700063383;0;1;0;0;2;0;0;B01
200700063384;0;1;0;0;2;1;1;B01
200700063399;0;1;0;0;2;1;1;B01
200700063400;0;1;0;0;2;1;1;B01
200700063411;0;1;0;0;2;2;1;B01
200700063419;0;1;0;0;2;4;14;A01
200700063419;0;1;0;0;2;1;2;B01
200700063421;0;1;0;0;2;4;16;A01
200700063421;0;1;0;0;2;1;1;B01
200700063435;0;1;0;0;2;3;1;B01
200700063440;0;1;0;0;2;8;1;B01
200700063465;0;1;0;0;2;7;1;B01
200700063467;0;1;0;0;2;7;1;A01
200700063471;0;1;0;0;2;0;19;A01
200700063474;0;1;0;0;2;1;2;B01
200700063478;0;1;0;0;2;1;1;B01
200700063490;0;1;0;0;2;1;1;B01
200700063492;0;1;0;0;2;4;1;B01
200700063499;0;1;0;0;2;1;1;B01
200700063506;0;1;0;0;2;1;1;B01
200700063513;0;1;0;0;2;1;15;A01
200700063521;0;1;0;0;2;1;15;B01
200700063530;0;1;0;0;2;1;1;B01
200700063537;0;1;0;0;2;6;5;B01
200700063583;0;1;0;0;1;1;1;A01
200700063591;0;1;0;0;1;1;0;A01
200700063598;0;1;0;0;2;1;1;B01
200700063612;0;1;0;0;2;1;1;B01
200700063645;0;1;0;0;2;1;5;A01
200700063652;0;1;0;0;2;1;1;B01
200700063664;0;1;0;0;2;1;1;A01
200700063690;0;1;0;1;2;1;0;B01
200700063693;0;1;0;0;2;1;1;B01
200700063695;0;1;0;0;2;8;0;A01
200700063701;0;1;0;0;2;0;0;A01
200700063709;0;1;0;0;2;0;0;B01
200700063719;0;1;0;0;0;8;16;B01
200700063731;0;1;0;0;2;4;2;B01
200700063733;0;1;0;0;0;1;1;A01
200700063741;0;1;0;0;0;0;0;A01
200700063745;0;1;0;0;2;1;1;B01
200700063758;0;1;0;0;0;0;1;A01
200700063769;0;1;0;0;2;1;19;A01
200700063774;0;1;0;0;1;1;18;A01
200700063790;0;1;0;0;2;1;1;A01
200700063799;0;1;0;0;2;2;2;A01
200700063808;0;1;0;0;2;1;1;B01
200700063839;0;1;0;0;2;3;19;B01
200700063844;0;1;0;0;1;1;1;A01
200700063860;0;1;0;0;2;3;1;B01
200700063862;0;1;0;0;2;1;1;A01
200700063890;0;1;0;0;2;1;13;A01
200700063895;0;1;0;0;2;3;1;B01
200700063925;0;1;0;0;2;5;0;B01
200700063934;0;1;0;0;2;8;1;B01
200700063950;0;1;0;0;2;1;0;B01
200700063950;0;1;0;0;2;1;0;A01
200700063956;0;1;0;12;0;1;9;A01
200700063963;0;1;0;0;2;1;15;B01
200700063985;0;1;0;0;2;7;0;B01
200700064014;0;1;0;0;2;1;21;B01
200700064028;0;1;0;0;2;1;1;A01
200700064030;0;1;0;0;0;0;1;A01
200700064059;0;1;0;0;2;1;1;B01
200700064061;0;1;0;0;2;1;1;A01
200700064063;0;1;0;0;2;1;1;A01
200700064066;0;1;0;0;2;1;1;B01
200700064068;0;1;0;0;9;0;16;B01
200700064076;0;1;0;0;2;1;21;B01
200700064076;0;1;0;0;2;1;1;C01
200700064079;0;1;0;0;2;1;19;B01
200700064093;0;1;0;0;2;2;15;B01
200700064098;0;1;0;0;2;4;1;B01