Num_Acc;senc;catv;occutc;obs;obsm;choc;manv;num_veh
200700064102;0;1;0;0;2;1;13;B01
200700064104;0;1;0;0;2;1;10;B01
200700064105;0;1;0;0;2;8;19;B01
200700064109;0;1;0;1;0;1;1;B01
200700064116;0;1;0;0;0;8;1;B01
200700064132;0;1;0;0;2;9;1;A01
200700064144;0;1;0;1;2;0;1;A01
200700064147;0;1;0;0;0;0;1;A01
200700064165;0;1;0;0;1;1;2;A01
200700064171;0;1;0;0;2;8;19;A01
200700064214;0;1;0;0;2;3;1;B01
200700064220;0;1;0;0;0;1;15;B01
200700064220;0;1;0;0;2;1;13;C01
200700064233;0;1;0;0;2;7;1;B01
200700064238;0;1;0;0;2;1;9;A01
200700064243;0;1;0;0;2;1;1;A01
200700064247;0;1;0;0;2;7;23;B01
200700064248;0;1;0;0;2;8;1;B01
200700064258;0;1;0;0;2;1;1;B01
200700064279;0;1;0;0;2;1;1;A01
200700064284;0;1;0;0;2;0;1;B01
200700064288;0;1;0;1;0;1;0;A01
200700064295;0;1;0;0;2;1;1;B01
200700064354;0;1;0;0;2;8;13;B01
200700064358;0;1;0;0;0;1;1;A01
200700064360;0;1;0;0;2;0;1;B01
200700064364;0;1;0;0;2;7;1;B01
200700064369;0;1;0;0;2;1;1;B01
200700064373;0;1;0;0;2;8;1;B01
200700064387;0;1;0;0;2;1;1;B01
200700064400;0;1;0;0;2;5;1;B01
200700064410;0;1;0;0;2;7;1;B01
200700064431;0;1;0;0;0;0;0;A01
200700064436;0;1;0;0;2;1;21;B01
200700064447;0;1;0;0;2;7;19;A01
200700064450;0;1;0;0;2;1;1;B01
200700064453;0;1;0;0;2;1;1;B01
200700064456;0;1;0;0;2;3;19;B01
200700064462;0;1;0;0;2;1;1;B01
200700064466;0;1;0;0;2;1;1;B01
200700064470;0;1;0;0;2;7;1;B01
200700064472;0;1;0;0;2;6;19;B01
200700064477;0;1;0;0;2;8;1;B01
200700064478;0;1;0;0;2;7;1;B01
200700064479;0;1;0;0;2;7;1;B01
200700064485;0;1;0;0;2;1;1;B01
200700064489;0;1;0;0;0;3;15;A01
200700064491;0;1;0;0;2;1;1;A01
200700064504;0;1;0;0;2;0;5;A01
200700064510;0;1;0;0;2;0;9;A01
200700064550;0;1;0;0;2;8;18;A01
200700064551;0;1;0;0;2;1;1;B01
200700064555;0;1;0;0;2;8;1;B01
200700064561;0;1;0;0;2;1;1;B01
200700064574;0;1;0;0;2;1;17;A01
200700064580;0;1;0;0;2;1;13;B01
200700064598;0;1;0;0;2;7;19;A01
200700064614;0;1;0;0;0;8;15;A01
200700064621;0;1;0;0;2;1;1;B01
200700064628;0;1;0;0;0;7;1;B01
200700064638;0;1;0;14;0;1;1;A01
200700064640;0;1;0;0;2;1;19;A01
200700064641;0;1;0;0;0;0;1;B01
200700064643;0;1;0;16;0;1;1;A01
200700064651;0;1;0;0;2;1;1;A01
200700064665;0;1;0;0;2;1;1;B01
200700064667;0;1;0;0;2;1;9;A01
200700064676;0;1;0;0;2;1;9;A01
200700064710;0;1;0;0;2;1;1;B01
200700064798;0;1;0;0;2;1;0;B01
200700064810;0;1;0;0;0;5;19;A01
200700064817;0;1;0;0;2;8;19;A01
200700064847;0;1;0;0;2;4;9;B01
200700064848;0;1;0;0;2;8;1;B01
200700064850;0;1;0;0;2;8;9;B01
200700064867;0;1;0;0;2;1;1;B01
200700064877;0;1;0;0;2;1;1;A01
200700064887;0;1;0;0;2;3;2;B01
200700064888;0;1;0;0;2;1;1;B01
200700064900;0;1;0;0;2;1;1;B01
200700064905;0;1;0;0;2;1;2;A01
200700064906;0;1;0;0;2;1;13;A01
200700064918;0;1;0;0;2;1;1;A01
200700064925;0;1;0;0;2;1;1;B01
200700064933;0;1;0;0;2;4;1;A01
200700064938;0;1;0;0;2;1;1;A01
200700064957;0;1;0;0;2;8;1;B01
200700064987;0;1;0;0;2;7;19;B01
200700065000;0;1;0;0;0;1;0;A01
200700065011;0;1;0;0;0;1;0;B01
200700065044;0;1;0;0;2;1;13;A01
200700065045;0;1;0;0;2;1;19;A01
200700065056;0;1;0;0;2;3;1;B01
200700065080;0;1;0;0;2;5;1;B01
200700065089;0;1;0;0;2;4;1;A01
200700065104;0;1;0;0;2;4;2;B01
200700065106;0;1;0;0;0;0;1;A01
200700065111;0;1;0;0;2;1;2;B01
200700065114;0;1;0;0;2;1;1;B01
200700065160;0;1;0;8;0;0;0;A01
200700065191;0;1;0;0;2;8;1;B01
200700065194;0;1;0;0;0;1;1;A01
200700065203;0;1;0;0;2;8;1;B01
200700065220;0;1;0;0;2;1;1;A01
200700065221;0;1;0;0;2;1;1;B01
200700065228;0;1;0;0;2;3;11;B01
200700065294;0;1;0;0;2;1;1;A01
200700065320;0;1;0;0;2;1;16;B01
200700065340;0;1;0;0;0;1;2;A01
200700065369;0;1;0;0;2;0;1;B01
200700065373;1;1;0;0;1;0;0;A01
200700065394;0;1;0;0;1;1;17;A01
200700065398;0;1;0;1;0;1;1;B01
200700065409;0;1;0;0;2;8;5;B01
200700065410;0;1;0;0;2;1;12;B01
200700065415;0;1;0;0;2;1;15;B01
200700065442;0;1;0;0;0;8;0;B01
200700065455;0;1;0;1;2;0;1;B01
200700065504;0;1;0;0;2;1;1;B01
200700065521;0;1;0;0;2;1;1;A01
200700065534;0;1;0;0;1;1;1;A01
200700065550;0;1;0;0;2;2;15;B01
200700065552;0;1;0;0;0;8;2;B01
200700065559;0;1;0;0;2;1;2;B01
200700065583;0;1;0;0;2;1;0;B01
200700065613;0;1;0;0;2;1;1;A01
200700065653;0;1;0;0;2;7;6;A01
200700065677;0;1;0;0;0;6;2;B01
200700065729;0;1;0;0;0;0;0;B01
200700065757;0;1;0;0;0;8;1;B01
200700065762;0;1;0;0;2;1;19;B01
200700065767;0;1;0;0;0;4;2;B01
200700065773;0;1;0;0;2;8;1;B01
200700065832;0;1;0;0;0;1;2;A01
200700065840;0;1;0;0;0;0;0;A01
200700065841;0;1;0;0;0;0;0;A01
200700065850;0;1;0;0;0;4;2;B01
200700065852;0;1;0;0;0;0;19;B01
200700065854;0;1;0;0;2;8;14;B01
200700065870;0;1;0;0;2;1;1;A01
200700065875;0;1;0;0;2;3;2;A01
200700065897;0;1;0;0;0;0;1;A01
200700065935;0;1;0;0;1;0;1;A01
200700065936;0;1;0;0;2;1;19;B01
200700065938;0;1;0;0;2;1;1;B01
200700065960;0;1;0;0;2;4;13;B01
200700065982;0;1;0;1;0;1;1;A01
200700066000;0;1;0;0;2;1;16;B01
200700066001;0;1;0;0;2;8;1;B01
200700066006;0;1;0;0;2;3;5;B01
200700066018;0;1;0;0;2;4;2;B01
200700066025;0;1;0;0;2;0;2;B01
200700066035;0;1;0;0;9;8;1;B01
200700066059;0;1;0;0;2;1;1;B01
200700066081;0;1;0;0;2;8;1;B01
200700066442;0;1;0;0;1;1;1;A01
200700066443;0;1;0;0;2;5;1;A01
200700066511;0;1;0;0;2;0;1;B01
200700066520;0;1;0;0;2;1;2;B01
200700066660;0;1;0;0;0;0;17;B01
200700066661;0;1;0;1;1;8;17;B01
200700066663;0;1;0;0;9;4;11;A01
200700066664;0;1;0;0;2;3;7;B01
200700066667;0;1;0;0;0;7;2;C01
200700066674;0;1;0;1;0;2;0;B01
200700066689;0;1;0;1;0;1;2;A01
200700066693;0;1;0;0;0;4;2;B01
200700066700;0;1;0;1;2;1;18;B01
200700066706;0;1;0;0;0;4;11;A01
200700066708;0;1;0;0;2;0;2;A01
200700066710;0;1;0;9;0;1;0;A01
200700066713;0;1;0;0;0;8;7;B01
200700066716;1;1;0;0;0;1;1;A01
200700066717;0;1;0;0;0;7;0;B01
200700066719;0;1;0;0;0;1;1;A01
200700066725;0;1;0;0;2;1;17;B01
200700066732;0;1;0;0;2;1;1;B01
200700066739;0;1;0;1;2;7;2;B01
200700066744;0;1;0;0;0;0;1;A01
200700066748;0;1;0;0;0;4;0;C01
200700066760;0;1;0;0;0;4;2;B01
200700066777;0;1;0;0;2;1;2;B01
200700066788;0;1;0;0;2;1;17;B01
200700066789;0;1;0;0;2;0;0;A01
200700066797;0;1;0;0;0;0;2;B01
200700066803;0;1;0;1;0;1;1;B01
200700066805;0;1;0;0;2;3;2;B01
200700066809;0;1;0;0;0;0;1;A01
200700066841;0;1;0;0;2;3;19;A01
200700066845;1;1;0;0;1;1;5;A01
200700066849;0;1;0;0;2;1;5;A01
200700066853;0;1;0;0;0;4;2;B01
200700066857;0;1;0;1;1;1;0;A01
200700066862;0;1;0;0;0;4;2;A01
200700066866;0;1;0;1;0;7;7;B01
200700066867;0;1;0;1;0;1;17;B01
200700066871;0;1;0;0;2;1;21;A01
200700066881;0;1;0;1;0;1;21;A01
200700066883;0;1;0;1;0;1;1;B01
200700066886;0;1;0;0;1;1;5;A01
200700066887;0;1;0;0;1;0;5;A01
200700066890;0;1;0;0;2;1;2;A01
200700066895;0;1;0;0;2;8;2;B01
200700066903;0;1;0;0;0;1;21;B01
200700066906;0;1;0;0;0;0;0;A01
200700066907;0;1;0;0;2;1;1;B01
200700066913;0;1;0;0;1;1;1;A01
200700066920;0;1;0;0;2;1;2;B01
200700066925;0;1;0;1;0;1;21;B01
200700066939;0;1;0;0;0;8;15;A01
200700066954;0;1;0;8;0;1;0;A01
200700066964;0;1;0;0;0;0;2;B01
200700066972;0;1;0;0;2;1;1;B01
200700066974;0;1;0;0;9;0;7;A01
200700066983;0;1;0;12;0;1;8;A01
200700066985;0;1;0;0;2;2;17;B01
200700066999;0;1;0;0;5;1;1;A01
200700067012;0;1;0;1;0;1;1;A01
200700067027;0;1;0;0;0;1;21;A01
200700067030;0;1;0;14;0;1;2;A01
200700067033;0;1;0;0;0;6;1;B01
200700067048;0;1;0;0;2;1;5;A01
200700067070;0;1;0;0;0;8;2;A01
200700067071;0;1;0;0;0;6;11;A01
200700067092;0;1;0;0;2;8;17;B01
200700067102;0;1;0;0;2;1;2;A01
200700067106;0;1;0;1;0;1;0;B01
200700067107;0;1;0;0;2;1;2;A01
200700067110;0;1;0;0;2;8;0;A01
200700067142;0;1;0;13;0;1;0;A01
200700067155;0;1;0;0;0;4;2;A01
200700067162;0;1;0;0;1;1;1;A01
200700067165;0;1;0;0;2;1;1;B01
200700067175;0;1;0;0;9;0;12;A01
200700067180;0;1;0;0;0;0;0;B01
200700067186;0;1;0;0;0;0;0;A01
200700067226;0;1;0;1;0;1;0;A01
200700067255;0;1;0;0;2;7;0;A01
200700067257;0;1;0;0;2;0;0;A01
200700067274;0;1;0;0;0;1;1;B01
200700067297;0;1;0;0;2;8;7;B01
200700067302;0;1;0;0;0;8;0;A01
200700067316;0;1;0;0;2;8;18;B01
200700067325;0;1;0;1;0;8;1;B01
200700067330;0;1;0;0;1;1;1;A01
200700067333;0;1;0;0;2;3;11;B01
200700067338;0;1;0;0;2;1;1;B01
200700067340;0;1;0;0;2;8;15;B01
200700067352;0;1;0;0;2;1;1;B01
200700067353;0;1;0;15;2;1;1;A01
200700067359;0;1;0;0;2;1;18;B01
200700067361;0;1;0;0;0;1;0;B01
200700067385;0;1;0;0;0;0;1;B01
200700067427;0;1;0;0;2;3;0;B01
200700067439;0;1;0;0;2;7;18;B01
200700067449;0;1;0;0;1;1;2;A01
200700067543;0;1;0;0;2;1;1;B01
200700067546;0;1;0;0;2;1;1;B01
200700067547;2;1;0;0;0;0;0;B01
200700067547;2;1;0;0;0;0;0;C01
200700067565;0;1;0;0;2;1;19;A01
200700067601;0;1;0;0;2;8;18;B01
200700067602;0;1;0;0;2;8;16;B01
200700067615;0;1;0;0;2;3;1;B01
200700067641;0;1;0;0;2;1;0;A01
200700067650;0;1;0;0;2;1;1;A01
200700067653;0;1;0;0;2;1;1;B01
200700067655;0;1;0;0;2;1;0;B01
200700067709;0;1;0;0;1;1;0;A01
200700067754;0;1;0;0;2;1;0;B01
200700067756;0;1;0;0;2;0;2;B01
200700067761;0;1;0;1;0;1;1;B01
200700067764;0;1;0;0;2;0;0;A01
200700067792;0;1;0;0;1;0;1;A01
200700067848;0;1;0;0;2;0;15;B01
200700067858;0;1;0;0;2;1;1;B01
200700067877;0;1;0;0;2;8;1;B01
200700067916;0;1;0;0;0;7;1;B01
200700067931;0;1;0;0;2;7;1;B01
200700067956;0;1;0;0;2;1;2;A01
200700068013;0;1;0;0;2;1;1;A01
200700068021;0;1;0;0;2;1;1;A01
200700068041;0;1;0;0;2;0;0;A01
200700068101;0;1;0;0;0;1;1;A01
200700068213;0;1;0;0;1;1;1;A01
200700068247;0;1;0;0;2;1;5;A01
200700068252;0;1;0;0;2;8;15;B01
200700068258;0;1;0;0;2;7;19;A01
200700068290;0;1;0;0;2;0;0;B01
200700068293;0;1;0;0;2;7;1;B01
200700068304;0;1;0;12;0;2;1;A01
200700068309;0;1;0;0;2;1;1;B01
200700068311;0;1;0;1;0;1;1;B01
200700068322;0;1;0;0;2;1;5;A01
200700068328;0;1;0;0;2;1;1;B01
200700068345;0;1;0;0;2;4;17;B01
200700068345;0;1;0;0;2;8;1;C01
200700068349;0;1;0;0;2;1;1;B01
200700068357;0;1;0;0;2;1;1;A01
200700068367;0;1;0;0;0;8;19;A01
200700068398;0;1;0;0;2;4;1;B01
200700068419;0;1;0;0;2;3;15;A01
200700068424;0;1;0;0;2;1;18;A01
200700068427;0;1;0;0;2;3;0;A01
200700068431;0;1;0;1;0;1;17;B01
200700068445;0;1;0;0;2;1;1;B01
200700068500;0;1;0;0;0;4;0;A01
200700068507;0;1;0;0;2;1;21;B01
200700068528;0;1;0;0;2;1;15;A01
200700068536;0;1;0;0;2;4;1;B01
200700068603;0;1;0;0;2;0;0;B01
200700068622;0;1;0;0;2;8;15;B01
200700068632;0;1;0;0;2;4;15;B01
200700068635;0;1;0;0;1;1;1;A01
200700068636;0;1;0;1;0;1;1;B01
200700068644;0;1;0;0;2;7;1;B01
200700068713;0;1;0;0;2;7;1;C01
200700068719;1;1;0;0;1;0;0;A01
200700068726;0;1;0;0;2;1;1;B01
200700068729;0;1;0;0;2;1;5;A01
200700068740;0;1;0;0;1;1;1;A01
200700068747;0;1;0;0;2;1;1;B01
200700068755;0;1;0;0;2;1;13;A01
200700068763;0;1;0;0;2;1;1;B01
200700068768;0;1;0;0;2;1;1;B01
200700068773;0;1;0;0;2;1;1;B01
200700068790;0;1;0;0;2;1;15;B01
200700068800;0;1;0;0;2;7;17;B01
200700068806;0;1;0;0;2;2;19;A01
200700068823;0;1;0;0;2;9;1;B01
200700068835;0;1;0;0;2;7;1;B01
200700068837;0;1;0;0;2;7;1;A01
200700068839;0;1;0;0;2;1;1;B01
200700068850;0;1;0;0;0;4;1;B01
200700068855;0;1;0;0;2;0;1;A01
200700068855;0;1;0;0;2;0;2;B01
200700068859;0;1;0;0;2;1;1;A01
200700068879;0;1;0;0;0;4;19;B01
200700068882;0;1;0;0;2;1;16;B01
200700068885;0;1;0;0;2;8;1;B01
200700068888;0;1;0;0;2;8;15;A01
200700068898;0;1;0;0;2;7;1;A01
200700068907;0;1;0;0;2;4;1;B01
200700068913;0;1;0;0;2;0;1;B01
200700068923;0;1;0;0;2;0;9;B01
200700068964;0;1;0;0;4;7;14;A01
200700068966;0;1;0;0;0;8;1;B01
200700068979;0;1;0;0;2;7;1;A01
200700068987;0;1;0;0;0;7;19;B01
200700068994;0;1;0;0;2;7;19;B01
200700069014;0;1;0;0;2;1;1;B01
200700069019;0;1;0;0;2;8;1;B01
200700069040;0;1;0;0;2;0;1;B01
200700069042;0;1;0;0;2;0;15;A01
200700069042;0;1;0;0;2;1;1;B01
200700069050;0;1;0;0;2;4;1;B01
200700069051;0;1;0;0;0;1;1;B01
200700069075;0;1;0;0;2;8;1;B01
200700069084;0;1;0;0;0;0;0;B01
200700069102;0;1;0;0;2;8;19;B01
200700069104;0;1;0;0;2;7;19;B01
200700069106;0;1;0;0;2;8;19;A01
200700069114;0;1;0;0;2;4;1;A01
200700069122;0;1;0;0;1;1;1;A01
200700069123;0;1;0;1;0;1;1;B01
200700069137;0;1;0;0;2;1;1;B01
200700069170;0;1;0;0;2;1;1;B01
200700069211;0;1;0;0;2;1;1;C01
200700069216;0;1;0;1;0;1;2;B01
200700069227;0;1;0;0;2;1;2;B01
200700069230;0;1;0;0;2;6;1;B01
200700069234;0;1;0;0;2;1;1;A01
200700069253;0;1;0;0;0;4;1;B01
200700069290;0;1;0;0;2;4;2;B01
200700069321;0;1;0;0;2;0;1;B01
200700069336;0;1;0;0;2;3;19;A01
200700069338;0;1;0;0;2;1;1;B01
200700069339;0;1;0;0;0;1;0;A01
200700069347;0;1;0;12;0;1;1;A01
200700069350;0;1;0;0;0;0;1;A01
200700069353;0;1;0;0;2;3;19;A01
200700069367;0;1;0;0;2;1;1;B01
200700069368;0;1;0;0;2;0;1;B01
200700069370;0;1;0;0;2;4;2;B01
200700069371;0;1;0;0;2;8;15;A01
200700069374;0;1;0;0;2;7;1;B01
200700069382;0;1;0;0;2;7;1;B01
200700069383;0;1;0;0;2;4;2;B01
200700069394;0;1;0;0;2;1;1;A01
200700069411;0;1;0;0;2;1;1;B01
200700069414;0;1;0;0;2;3;13;A01
200700069424;0;1;0;0;2;3;1;B01
200700069448;0;1;0;0;2;1;1;B01
200700069470;1;1;0;0;0;0;9;B01
200700069510;0;1;0;0;2;1;9;A01
200700069514;0;1;0;0;0;4;1;B01
200700069520;0;1;0;0;2;0;1;B01
200700069523;0;1;0;0;2;0;1;B01
200700069561;0;1;0;0;2;1;19;A01
200700069564;0;1;0;0;2;1;1;B01
200700069576;0;1;0;0;2;8;1;B01
200700069600;0;1;0;0;0;0;0;B01
200700069601;0;1;0;0;2;8;15;A01
200700069603;0;1;0;0;2;0;0;B01
200700069607;0;1;0;0;2;1;2;A01
200700069614;0;1;0;0;2;1;1;B01
200700069624;0;1;0;0;2;9;18;B01
200700069637;0;1;0;0;2;1;1;B01
200700069651;0;1;0;0;2;4;1;B01
200700069665;0;1;0;0;2;8;1;B01
200700069696;0;1;0;0;2;1;1;B01
200700069703;0;1;0;0;2;1;1;B01
200700069711;0;1;0;0;2;1;1;B01
200700069717;0;1;0;0;2;1;1;B01
200700069746;0;1;0;0;1;0;16;A01
200700069750;0;1;0;0;2;1;19;B01
200700069772;0;1;0;0;2;6;19;A01
200700069797;0;1;0;0;2;1;12;B01
200700069809;0;1;0;0;2;8;19;A01
200700069814;0;1;0;0;2;1;15;B01
200700069818;0;1;0;0;2;8;1;B01
200700069842;0;1;0;0;2;4;16;B01
200700069859;0;1;0;0;9;0;1;B01
200700069862;0;1;0;0;2;0;19;B01
200700069872;0;1;0;0;1;1;1;A01
200700069875;0;1;0;0;0;1;1;B01
200700069932;0;1;0;0;2;6;1;B01
200700069933;0;1;0;0;0;0;0;B01
200700069947;0;1;0;0;2;4;12;B01
200700069967;0;1;0;0;2;5;15;B01
200700069973;0;1;0;0;0;0;0;B01
200700069977;0;1;0;1;0;1;2;A01
200700070003;0;1;0;0;2;8;15;A01
200700070003;0;1;0;0;2;8;15;B01
200700070005;0;1;0;0;1;1;1;A01
200700070014;0;1;0;0;2;1;1;A01
200700070015;0;1;0;0;2;8;0;B01
200700070026;0;1;0;0;1;1;1;A01
200700070028;0;1;0;0;2;1;1;A01
200700070030;0;1;0;0;2;8;13;A01
200700070035;0;1;0;0;2;1;19;B01
200700070040;0;1;0;0;2;1;1;B01
200700070043;0;1;0;0;2;0;16;B01
200700070046;0;1;0;0;2;1;16;A01
200700070047;0;1;0;0;2;8;1;B01
200700070048;0;1;0;0;2;4;15;B01
200700070078;0;1;0;0;0;1;1;B01
200700070102;0;1;0;0;2;1;1;B01
200700070106;0;1;0;0;2;5;15;A01
200700070108;0;1;0;0;2;8;9;B01
200700070111;0;1;0;0;2;4;1;A01
200700070114;0;1;0;0;2;1;1;B01
200700070136;0;1;0;0;0;8;16;B01
200700070144;0;1;0;0;2;1;9;A01
200700070156;0;1;0;12;0;0;1;A01
200700070160;0;1;0;0;0;8;1;B01
200700070161;0;1;0;16;0;1;1;A01
200700070177;0;1;0;0;0;1;19;B01
200700070213;0;1;0;0;0;4;1;B01
200700070315;0;1;0;0;2;8;19;B01
200700070317;0;1;0;0;0;4;1;B01
200700070324;0;1;0;0;2;1;19;B01
200700070327;0;1;0;0;2;3;2;A01
200700070342;0;1;0;0;2;1;1;B01
200700070347;0;1;0;0;0;8;19;A01
200700070348;0;1;0;0;2;3;19;A01
200700070350;0;1;0;0;2;6;19;B01
200700070375;0;1;0;0;2;1;1;A01
200700070375;0;1;0;0;2;1;1;B01
200700070380;0;1;0;0;2;6;1;B01
200700070392;0;1;0;0;2;1;1;A01
200700070408;0;1;0;0;2;1;9;A01
200700070435;0;1;0;0;0;0;0;B01
200700070447;0;1;0;0;2;0;1;A01
200700070451;0;1;0;0;2;6;16;A01
200700070474;0;1;0;0;2;4;1;B01
200700070477;0;1;0;0;2;7;1;B01
200700070493;0;1;0;0;2;8;1;B01
200700070502;0;1;0;0;2;1;1;B01
200700070526;0;1;0;0;2;1;1;B01
200700070538;0;1;0;0;2;1;1;B01
200700070560;0;1;0;0;2;5;1;B01
200700070577;0;1;0;0;2;8;15;B01
200700070593;0;1;0;0;2;0;2;A01
200700070661;0;1;0;1;0;1;1;B01
200700070669;0;1;0;0;2;1;1;B01
200700070671;0;1;0;0;1;0;0;A01
200700070673;0;1;0;0;2;7;19;B01
200700070674;0;1;0;0;1;7;1;A01
200700070678;0;1;0;0;2;1;1;B01
200700070711;0;1;0;0;0;7;0;B01
200700070746;0;1;0;0;2;4;1;B01
200700070750;0;1;0;0;2;4;11;B01
200700070763;0;1;0;1;0;1;1;B01
200700070791;0;1;0;0;2;1;1;B01
200700070825;0;1;0;0;2;0;2;B01
200700070836;0;1;0;0;2;1;1;A01
200700070846;0;1;0;0;2;1;19;B01
200700070855;0;1;0;0;0;0;0;A01
200700070891;0;1;0;0;2;1;1;B01
200700070903;0;1;0;0;2;6;1;B01
200700070921;0;1;0;0;2;4;0;B01
200700070929;0;1;0;0;2;3;2;B01
200700070940;0;1;0;0;2;1;2;A01
200700070957;0;1;0;0;0;1;0;A01
200700070979;0;1;0;0;2;7;0;B01
200700071042;0;1;0;0;2;1;9;B01
200700071044;0;1;0;1;0;1;22;B01
200700071065;0;1;0;0;2;8;19;B01
200700071073;0;1;0;0;0;0;0;A01
200700071087;0;1;0;0;0;1;0;A01
200700071090;0;1;0;0;2;3;19;B01
200700071093;0;1;0;0;2;0;0;A01
200700071108;0;1;0;0;0;0;0;A01
200700071130;0;1;0;0;2;1;0;A01
200700071144;0;1;0;0;0;1;2;B01
200700071174;0;1;0;0;1;1;0;A01
200700071190;0;1;0;0;2;1;0;A01
200700071194;0;1;0;0;2;1;15;A01
200700071199;0;1;0;0;2;1;19;B01
200700071201;0;1;0;0;2;1;15;A01
200700071240;0;1;0;0;2;1;1;B01
200700071247;0;1;0;0;2;1;19;B01
200700071266;0;1;0;0;2;8;2;C01
200700071270;0;1;0;0;2;3;0;B01
200700071276;0;1;0;0;0;7;1;B01
200700071307;0;1;0;0;2;4;1;B01
200700071314;0;1;0;0;2;0;1;B01
200700071326;0;1;0;0;2;1;19;A01
200700071329;0;1;0;0;2;8;19;A01
200700071360;0;1;0;0;2;1;0;A01
200700071364;0;1;0;1;0;1;1;B01
200700071367;0;1;0;0;2;8;1;B01
200700071380;0;1;0;0;2;0;15;A01
200700071386;0;1;0;0;2;7;1;B01
200700071397;0;1;0;0;2;8;1;B01
200700071398;0;1;0;0;2;1;13;A01
200700071400;0;1;0;0;2;7;19;B01
200700071410;0;1;0;0;2;1;1;B01
200700071412;0;1;0;0;2;1;1;B01
200700071421;0;1;0;0;2;1;1;B01
200700071443;0;1;0;0;2;1;19;B01
200700071474;0;1;0;1;0;1;1;B01
200700071733;0;1;0;0;0;0;0;B01
200700071794;0;1;0;0;2;0;16;B01
200700071802;0;1;0;0;2;1;1;A01
200700071803;0;1;0;0;2;1;19;B01
200700071863;0;1;0;0;2;1;1;B01
200700071869;0;1;0;0;2;4;1;A01
200700071995;0;1;0;1;0;3;1;A01
200700071999;0;1;0;0;0;8;7;B01
200700072000;0;1;0;0;0;1;7;B01
200700072021;0;1;0;0;2;7;1;A01
200700072024;0;1;0;0;2;8;7;B01
200700072025;0;1;0;0;0;4;7;B01
200700072026;0;1;0;1;0;1;0;A01
200700072029;0;1;0;0;2;1;1;B01
200700072032;0;1;0;0;1;1;1;A01
200700072034;0;1;0;0;2;4;1;B01
200700072036;0;1;0;0;1;1;1;A01
200700072039;0;1;0;0;0;8;18;B01
200700072044;0;1;0;0;2;7;11;B01
200700072054;0;1;0;0;0;8;10;B01
200700072076;0;1;0;0;0;0;0;A01
200700072084;0;1;0;0;0;0;0;A01
200700072087;0;1;0;0;1;0;0;A01
200700072089;0;1;0;0;2;1;7;B01
200700072094;0;1;0;0;2;4;2;B01
200700072100;0;1;0;0;2;4;2;B01
200700072102;0;1;0;0;2;6;19;B01
200700072105;0;1;0;0;0;4;2;B01
200700072118;0;1;0;0;9;8;13;B01
200700072127;0;1;0;0;2;1;1;B01
200700072148;0;1;0;0;0;8;0;A01
200700072151;0;1;0;0;2;1;1;B01
200700072153;0;1;0;0;0;4;2;A01
200700072161;0;1;0;0;0;1;0;A01
200700072190;0;1;0;0;2;6;2;B01
200700072195;0;1;0;1;2;1;0;B01
200700072202;0;1;0;0;0;0;2;A01
200700072213;0;1;0;0;0;0;1;A01
200700072217;0;1;0;0;2;0;1;B01
200700072232;0;1;0;0;9;0;0;B01
200700072234;0;1;0;0;2;7;0;A01
200700072235;0;1;0;0;0;3;2;B01
200700072241;0;1;0;14;0;1;2;A01
200700072246;1;1;0;0;0;0;0;A01
200700072249;0;1;0;0;1;1;21;A01
200700072255;0;1;0;1;0;1;0;B01
200700072257;0;1;0;0;2;8;15;B01
200700072277;0;1;0;1;0;1;2;B01