Num_Acc;senc;catv;occutc;obs;obsm;choc;manv;num_veh
200700072278;0;1;0;1;0;1;1;B01
200700072289;0;1;0;0;2;3;1;B01
200700072292;0;1;0;1;9;1;1;B01
200700072292;0;1;0;14;0;1;21;C01
200700072294;0;1;0;0;2;8;11;A01
200700072298;0;1;0;0;0;1;2;A01
200700072298;0;1;0;0;0;0;1;B01
200700072301;0;1;0;0;1;1;1;A01
200700072302;0;1;0;0;1;8;1;A01
200700072321;0;1;0;0;2;1;0;A01
200700072324;0;1;0;14;0;1;1;A01
200700072329;0;1;0;0;2;8;1;B01
200700072338;0;1;0;0;2;2;1;B01
200700072342;0;1;0;0;1;1;1;A01
200700072347;0;1;0;0;0;0;0;A01
200700072350;0;1;0;0;0;4;12;B01
200700072368;0;1;0;15;0;1;2;A01
200700072369;0;1;0;12;0;0;0;A01
200700072370;0;1;0;0;0;0;0;A01
200700072379;0;1;0;0;0;1;7;A01
200700072395;0;1;0;0;1;1;1;A01
200700072396;0;1;0;0;0;8;1;B01
200700072406;0;1;0;1;0;7;17;B01
200700072428;0;1;0;1;0;1;1;B01
200700072433;0;1;0;0;0;2;0;A01
200700072441;0;1;0;0;2;2;3;A01
200700072456;0;1;0;0;0;8;11;A01
200700072494;0;1;0;0;2;1;1;B01
200700072501;0;1;0;0;2;2;0;A01
200700072502;0;1;0;0;0;0;5;A01
200700072505;0;1;0;0;2;1;1;B01
200700072510;0;1;0;0;1;1;1;A01
200700072514;0;1;0;0;0;8;2;A01
200700072521;0;1;0;0;2;8;16;A01
200700072548;0;1;0;0;0;0;0;A01
200700072554;0;1;0;0;0;4;0;B01
200700072555;0;1;0;0;0;2;1;A01
200700072555;0;1;0;0;9;8;0;B01
200700072563;0;1;0;0;0;4;2;B01
200700072565;0;1;0;0;0;4;14;B01
200700072567;0;1;0;0;2;4;2;A01
200700072576;0;1;0;8;0;7;0;A01
200700072584;0;1;0;0;2;1;1;A01
200700072584;0;1;0;0;2;1;1;B01
200700072586;0;1;0;0;2;3;1;B01
200700072588;0;1;0;0;2;8;2;A01
200700072612;0;1;0;0;0;0;0;B01
200700072618;0;1;0;1;2;1;1;B01
200700072627;0;1;0;0;0;0;0;B01
200700072657;0;1;0;0;2;7;2;A01
200700072658;0;1;0;1;0;0;1;A01
200700072671;0;1;0;0;2;1;2;B01
200700072682;0;1;0;1;0;8;13;B01
200700072683;0;1;0;0;2;7;0;A01
200700072716;0;1;0;1;0;1;1;B01
200700072726;0;1;0;0;2;2;1;A01
200700072750;0;1;0;1;0;8;2;A01
200700072759;0;1;0;0;0;1;1;A01
200700072762;0;1;0;0;1;1;1;A01
200700072764;0;1;0;14;0;2;21;A01
200700072770;0;1;0;0;2;2;5;A01
200700072776;0;1;0;1;2;9;0;A01
200700072789;0;1;0;0;2;4;0;B01
200700072801;0;1;0;0;2;3;2;A01
200700072830;0;1;0;0;1;1;1;A01
200700072907;0;1;0;0;0;7;17;B02
200700072908;0;1;0;0;2;3;15;B02
200700072921;0;1;0;0;0;0;0;B02
200700072936;0;1;0;0;2;1;1;B02
200700072976;0;1;0;0;2;8;13;A01
200700072978;0;1;0;0;2;8;15;B02
200700073035;0;1;0;0;2;8;1;B02
200700073077;0;1;0;0;2;1;1;B02
200700073127;0;1;0;0;1;1;1;A01
200700073155;0;1;0;0;2;8;13;A01
200700073199;0;1;0;0;2;4;1;B02
200700073278;0;1;0;0;2;3;1;B02
200700073359;0;1;0;0;2;8;15;B02
200700073407;0;1;0;0;2;1;1;B02
200700073426;0;1;0;0;2;4;15;A01
200700073443;0;1;0;0;0;0;15;A01
200700073472;0;1;0;0;2;4;2;B02
200700073521;0;1;0;0;2;4;2;B02
200700073535;0;1;0;0;0;4;13;A01
200700073602;0;1;0;0;2;4;2;B02
200700073603;0;1;0;0;2;1;2;B02
200700073660;0;1;0;0;2;1;1;B02
200700073721;0;1;0;0;0;2;15;B02
200700073722;0;1;0;0;2;7;1;B02
200700073788;0;1;0;0;2;7;1;A01
200700073802;0;1;0;0;0;4;1;B02
200700073816;0;1;0;0;0;8;1;B02
200700073843;0;1;0;0;0;0;0;B02
200700073844;0;1;0;0;2;8;2;B02
200700073948;0;1;0;0;2;4;1;A01
200700073950;0;1;0;0;2;8;1;B02
200700073960;0;1;0;0;0;0;0;A01
200700074005;0;1;0;0;2;5;19;B02
200700074055;0;1;0;0;0;4;1;B02
200700074060;0;1;0;0;2;7;15;B02
200700074075;0;1;0;0;2;1;6;A01
200700074133;0;1;0;1;0;1;1;B02
200700074201;0;1;0;0;2;0;1;B02
200700074326;0;1;0;0;1;2;21;A01
200700074332;0;1;0;0;0;4;1;C03
200700074343;0;1;0;0;2;1;1;B02
200700074389;0;1;0;0;0;8;21;B02
200700074420;0;1;0;0;2;1;1;B02
200700074522;0;1;0;0;2;1;1;B02
200700074540;0;1;0;0;2;4;2;A01
200700074569;0;1;0;0;2;4;1;B02
200700074692;0;1;0;0;2;8;1;B02
200700074733;0;1;0;0;2;1;13;B02
200700074781;0;1;0;0;2;1;1;B02
200700074804;0;1;0;0;2;1;1;B02
200700074869;0;1;0;0;0;0;0;B02
200700074952;0;1;0;0;0;4;2;B02
200700074968;0;1;0;0;2;3;16;B02
200700074971;0;1;0;0;2;4;1;B02
200700074972;0;1;0;0;2;1;5;B02
200700074989;0;1;0;0;2;0;1;B02
200700074989;0;1;0;0;2;0;1;C03
200700074989;0;1;0;0;2;0;1;D04
200700074989;0;1;0;0;2;0;1;E05
200700074992;0;1;0;0;2;8;15;B02
200700075002;0;1;0;0;2;6;1;B02
200700075024;0;1;0;0;2;9;1;B02
200700075065;0;1;0;0;1;1;1;A01
200700075071;0;1;0;0;2;4;2;B02
200700075137;0;1;0;0;0;7;2;B02
200700075152;0;1;0;0;0;5;0;B02
200700075188;0;1;0;0;2;8;1;B02
200700075209;0;1;0;0;2;7;19;B02
200700075219;0;1;0;0;2;8;19;B02
200700075247;0;1;0;0;2;1;1;B02
200700075354;0;1;0;0;2;8;15;B02
200700075401;0;1;0;0;2;8;1;B02
200700075413;0;1;0;14;0;1;1;B02
200700075570;0;1;0;0;2;1;1;B02
200700075574;0;1;0;0;0;4;1;B02
200700075605;0;1;0;0;2;1;1;B02
200700075653;0;1;0;0;2;1;15;B02
200700075710;0;1;0;0;2;1;15;A01
200700075822;0;1;0;0;2;4;1;B02
200700075837;0;1;0;0;2;1;1;B02
200700075854;0;1;0;0;2;1;1;B02
200700075874;0;1;0;1;0;1;2;A01
200700075877;0;1;0;0;2;1;1;B02
200700075892;0;1;0;0;2;4;0;A01
200700075938;0;1;0;0;2;4;2;B02
200700075940;0;1;0;0;2;6;2;B02
200700075940;0;1;0;0;2;6;2;C03
200700075940;0;1;0;0;2;6;2;D04
200700076009;0;1;0;0;0;4;1;B02
200700076050;0;1;0;0;2;1;9;B02
200700076051;0;1;0;0;1;1;1;A01
200700076093;0;1;0;0;2;1;19;A01
200700076248;0;1;0;0;0;1;0;B01
200700076417;0;1;0;0;0;0;13;B01
200700076445;0;1;0;0;2;1;1;A01
200700076468;0;1;0;0;2;1;19;A01
200700076483;0;1;0;0;2;4;1;B01
200700076505;0;1;0;0;0;0;0;B01
200700076657;0;1;0;0;9;1;1;B01
200700076657;0;1;0;0;2;1;1;A01
200700076670;0;1;0;0;2;4;1;B01
200700076709;0;1;0;0;0;0;1;A01
200700076817;0;1;0;0;2;0;11;A01
200700076853;0;1;0;0;2;8;19;B01
200700076956;0;1;0;0;2;8;1;B01
200700076960;0;1;0;0;9;4;13;B01
200700076970;0;1;0;13;0;1;13;A01
200700077003;0;1;0;0;0;0;1;A01
200700077005;0;1;0;0;0;0;1;A01
200700077007;0;1;0;1;2;1;1;A01
200700077010;0;1;0;1;0;1;2;B01
200700077019;0;1;0;0;2;0;1;B01
200700077037;0;1;0;0;2;7;1;B01
200700077063;0;1;0;0;2;3;19;A01
200700077065;0;1;0;0;2;4;1;B01
200700077068;0;1;0;0;2;8;13;B01
200700077075;0;1;0;0;2;8;19;B01
200700077128;0;1;0;0;2;1;1;B01
200700077158;0;1;0;0;2;1;1;A01
200700077183;0;1;0;0;2;8;2;B01
200700077193;0;1;0;1;0;1;1;A01
200700077209;0;1;0;0;2;1;1;B01
200700077241;0;1;0;0;2;1;19;B01
200700077289;0;1;0;0;1;1;17;A01
200700077344;0;1;0;0;2;6;15;A01
200700077409;0;1;0;0;2;1;1;B01
200700077422;0;1;0;0;2;3;18;B01
200700077445;0;1;0;0;2;0;1;A01
200700077450;0;1;0;0;1;1;1;A01
200700077451;0;1;0;0;2;1;5;A01
200700077455;0;1;0;0;2;1;1;B01
200700077456;0;1;0;0;2;1;1;B01
200700077478;0;1;0;0;2;8;1;B01
200700077480;0;1;0;0;2;1;1;B01
200700077495;0;1;0;0;2;1;20;A01
200700077501;0;1;0;0;2;7;19;B01
200700077521;0;1;0;0;0;7;15;B01
200700077528;0;1;0;14;2;1;1;A01
200700077545;0;1;0;0;1;1;17;A01
200700077550;0;1;0;0;2;3;11;A01
200700077573;0;1;0;0;2;1;1;B01
200700077574;0;1;0;0;0;1;1;B01
200700077579;0;1;0;0;2;1;1;A01
200700077601;0;1;0;0;2;0;16;B01
200700077605;0;1;0;0;2;1;19;A01
200700077608;0;1;0;0;2;1;19;A01
200700077611;0;1;0;0;1;1;1;A01
200700077619;0;1;0;0;2;1;1;B01
200700077630;0;1;0;0;2;4;19;B01
200700077705;0;1;0;0;2;3;9;A01
200700077747;0;1;0;0;2;0;13;B01
200700077752;0;1;0;0;2;1;1;B01
200700077788;0;1;0;0;2;0;1;B01
200700077806;0;1;0;0;2;8;1;B01
200700077809;0;1;0;0;0;0;0;B01
200700077898;0;1;0;0;2;7;1;B01
200700077910;0;1;0;0;2;7;1;B01
200700077921;0;1;0;0;2;1;9;A01
200700077925;0;1;0;0;2;1;1;B01
200700077969;0;1;0;0;2;0;0;B01
200700077994;0;1;0;0;2;1;0;A01
200700077999;0;1;0;0;2;0;0;B01
200700078010;0;1;0;1;0;1;0;A01
200700078016;0;1;0;0;2;1;1;B01
200700078028;0;1;0;0;0;1;1;A01
200700078038;0;1;0;12;0;0;1;A01
200700078049;0;1;0;0;0;0;1;A01
200700078051;0;1;0;1;0;0;1;A01
200700078053;0;1;0;0;0;0;1;A01
200700078139;0;1;0;0;2;4;1;B01
200700078205;0;1;0;0;2;5;0;A01
200700078219;0;1;0;0;2;0;1;B01
200700078220;0;1;0;0;2;0;11;B01
200700078221;0;1;0;0;2;1;9;B01
200700078222;0;1;0;0;2;0;1;B01
200700078251;0;1;0;0;2;4;2;B01
200700078301;0;1;0;0;2;9;1;B01
200700078358;0;1;0;0;2;8;1;B01
200700078360;0;1;0;0;2;8;1;B01
200700078363;0;1;0;0;2;1;1;A01
200700078418;0;1;0;0;2;1;1;B01
200700078422;0;1;0;0;0;0;1;A01
200700078452;0;1;0;1;0;7;1;A01
200700078456;0;1;0;0;2;1;1;B01
200700078459;0;1;0;0;2;8;1;B01
200700078473;0;1;0;0;2;5;19;A01
200700078553;0;1;0;0;2;8;16;B01
200700078568;0;1;0;0;2;4;1;B01
200700078596;0;1;0;0;2;1;1;A01
200700078628;0;1;0;0;2;1;1;B01
200700078640;0;1;0;0;2;1;1;B01
200700078649;0;1;0;0;2;1;1;B01
200700078667;0;1;0;0;2;1;1;B01
200700078671;0;1;0;0;2;1;1;B01
200700078674;0;1;0;0;2;4;15;B01
200700078713;0;1;0;0;2;2;1;A01
200700078720;0;1;0;0;2;6;1;B01
200700078721;0;1;0;0;2;3;1;B01
200700078723;0;1;0;0;2;1;0;A01
200700078724;0;1;0;0;1;1;1;A01
200700078730;0;1;0;0;2;1;1;B01
200700078731;0;1;0;0;2;1;1;A01
200700078731;0;1;0;0;2;1;1;B01
200700078732;0;1;0;0;2;4;15;C01
200700078734;0;1;0;0;2;1;1;B01
200700078736;0;1;0;0;2;7;1;B01
200700078739;0;1;0;0;2;7;1;B01
200700078740;0;1;0;0;2;1;1;A01
200700078742;0;1;0;0;2;1;5;A01
200700078744;0;1;0;0;2;1;13;B01
200700078752;0;1;0;0;2;1;1;B01
200700078772;0;1;0;0;2;6;19;B01
200700078789;0;1;0;0;2;1;1;B01
200700078802;0;1;0;0;2;1;0;B01
200700078812;0;1;0;0;2;4;1;B01
200700078845;0;1;0;16;0;0;1;A01
200700078859;0;1;0;0;2;1;1;A01
200700078862;0;1;0;0;0;8;11;B01
200700078890;0;1;0;0;2;8;1;B01
200700078902;0;1;0;0;0;7;23;B01
200700078919;0;1;0;0;0;0;0;B01
200700078922;0;1;0;12;2;1;5;B01
200700078924;0;1;0;0;2;8;1;B01
200700078929;0;1;0;0;2;1;1;B01
200700078961;0;1;0;0;2;8;2;B01
200700079067;0;1;0;0;2;1;1;A01
200700079078;0;1;0;0;2;1;1;A01
200700079119;0;1;0;0;2;1;9;A01
200700079123;0;1;0;0;2;8;1;B01
200700079130;0;1;0;0;2;1;19;A01
200700079141;0;1;0;0;0;0;1;B01
200700079208;0;1;0;0;2;1;1;B01
200700079220;0;1;0;0;2;4;1;B01
200700079228;0;1;0;0;2;1;0;B01
200700079280;0;1;0;0;2;1;1;B01
200700079296;0;1;0;0;0;0;1;A01
200700079319;0;1;0;0;2;8;19;A01
200700079326;0;1;0;0;0;7;19;B01
200700079360;0;1;0;0;2;1;2;B01
200700079380;0;1;0;0;2;1;1;B01
200700079409;0;1;0;0;2;1;1;B01
200700079429;0;1;0;0;2;1;1;B01
200700079433;0;1;0;0;2;1;0;B01
200700079453;0;1;0;1;0;1;1;B01
200700079460;0;1;0;0;2;1;0;B01
200700079503;0;1;0;0;2;7;1;B01
200700079508;0;1;0;0;2;1;1;B01
200700079513;0;1;0;0;2;1;5;A01
200700079571;0;1;0;0;2;1;1;B01
200700079578;0;1;0;0;0;7;0;A01
200700079583;0;1;0;0;1;1;2;B01
200700079615;0;1;0;0;0;0;21;A01
200700079632;0;1;0;1;0;1;1;B01
200700079657;0;1;0;0;0;0;0;B01
200700079658;0;1;0;0;2;7;1;B01
200700079699;0;1;0;0;0;7;0;B01
200700079717;0;1;0;0;0;4;2;B01
200700079754;0;1;0;1;0;1;1;B01
200700079834;0;1;0;0;0;3;2;B01
200700079836;0;1;0;0;0;2;0;B01
200700079882;0;1;0;0;2;1;2;B01
200700079925;0;1;0;0;2;7;0;B01
200700079940;0;1;0;0;1;1;1;A01
200700079968;0;1;0;1;0;1;21;B01
200700080010;0;1;0;0;2;1;19;B01
200700080045;0;1;0;0;0;7;1;A01
200700080059;0;1;0;0;2;1;1;A01
200700080060;0;1;0;0;2;1;1;B01
200700080101;0;1;0;0;2;1;1;A01
200700080406;0;1;0;0;1;2;1;A01
200700080458;0;1;0;0;2;8;1;B01
200700080466;0;1;0;0;2;8;19;B01
200700080588;0;1;0;0;0;3;1;B01
200700080601;0;1;0;0;1;0;1;A01
200700080605;0;1;0;1;0;1;2;B01
200700080617;0;1;0;0;0;0;0;A01
200700080619;0;1;0;0;1;5;21;A01
200700080624;0;1;0;0;0;0;1;A01
200700080626;0;1;0;0;2;4;1;A01
200700080667;0;1;0;0;0;1;0;A01
200700080692;0;1;0;0;2;1;9;A01
200700080696;0;1;0;1;0;1;0;B01
200700080702;0;1;0;0;0;0;0;B01
200700080754;0;1;0;0;0;3;1;A01
200700080755;0;1;0;0;2;1;17;B01
200700080758;0;1;0;0;0;1;1;B01
200700080760;0;1;0;0;2;3;13;A01
200700080762;0;1;0;14;0;0;1;A01
200700080780;0;1;0;0;2;7;1;A01
200700080795;0;1;0;0;2;3;1;B01
200700080815;0;1;0;0;1;1;1;A01
200700080816;0;1;0;0;2;8;9;B01
200700080828;0;1;0;0;9;1;1;B01
200700080862;0;1;0;0;0;1;1;B01
200700080863;0;1;0;0;0;0;9;A01
200700080879;0;1;0;0;1;1;1;A01
200700080917;0;1;0;0;2;1;1;B01
200700080930;0;1;0;0;2;8;13;B01
200700080936;0;1;0;1;0;1;7;B01
200700080989;0;1;0;0;2;4;1;B01
200700081014;0;1;0;0;2;7;1;A01
200700081047;0;1;0;0;2;0;1;B01
200700081087;0;1;0;0;0;4;1;B01
200700081097;0;1;0;0;0;4;1;B01
200700081112;0;1;0;0;2;7;1;B01
200700081121;0;1;0;0;2;7;1;A01
200700081152;0;1;0;0;2;1;1;B01
200700081196;0;1;0;0;1;1;1;A01
200700081285;0;1;0;0;2;2;19;A01
200700081290;0;1;0;0;0;4;2;B02
200700081307;0;1;0;0;2;8;13;A01
200700081308;0;1;0;0;2;1;13;A01
200700081326;0;1;0;0;0;4;0;B02
200700081326;0;1;0;0;0;0;0;C03
200700081332;0;1;0;0;2;4;1;B02
200700081378;0;1;0;0;1;1;1;A01
200700081407;0;1;0;0;2;8;9;A01
200700081410;0;1;0;0;2;1;16;B01
200700081411;0;1;0;0;9;0;16;A01
200700081415;0;1;0;0;2;1;1;B01
200700081441;0;1;0;0;2;1;1;A01
200700081443;0;1;0;0;2;1;1;A01
200700081455;0;1;0;0;2;0;0;B01
200700081461;0;1;0;0;2;1;1;A01
200700081463;0;1;0;0;2;1;5;A01
200700081466;0;1;0;0;2;1;1;B01
200700081485;0;1;0;0;2;1;2;A01
200700081567;0;1;0;0;2;8;1;B02
200700081574;0;1;0;0;2;4;2;B02
200700081574;0;1;0;0;2;4;1;C03
200700081580;0;1;0;0;0;4;2;A01
200700081592;0;1;0;0;0;4;13;B02
200700081642;0;1;0;0;2;1;2;B02
200700081644;0;1;0;0;2;6;15;B02
200700081648;0;1;0;0;2;9;1;A01
200700081665;0;1;0;1;0;0;1;A01
200700081672;0;1;0;0;0;0;0;A01
200700081690;0;1;0;0;2;7;15;A01
200700081690;0;1;0;0;2;0;1;B01
200700081712;0;1;0;0;2;1;15;B01
200700081729;0;1;0;0;9;9;0;A01
200700081729;0;1;0;0;9;9;0;B01
200700081738;0;1;0;0;2;4;1;A01
200700081742;0;1;0;0;2;4;0;B01
200700081752;0;1;0;0;2;0;1;B01
200700081755;0;1;0;0;2;1;1;B01
200700081778;0;1;0;0;2;1;1;B01
200700081785;0;1;0;0;2;1;5;A01
200700081897;0;1;0;6;0;1;1;A01
200700081924;0;1;0;0;0;1;1;B02
200700081940;0;1;0;0;2;8;15;A01
200700081980;0;1;0;0;2;0;1;B01
200700081991;0;1;0;0;2;0;1;A01
200700082010;0;1;0;0;2;4;2;B01
200700082034;0;1;0;0;2;0;14;A01
200700082041;0;1;0;0;2;1;1;A01
200700082043;0;1;0;0;2;0;15;A01
200700082061;0;1;0;0;9;0;1;B01
200700082064;0;1;0;0;2;0;0;A01
200700082074;0;1;0;0;2;8;19;A01
200700082079;0;1;0;0;2;1;15;A01
200700082082;0;1;0;0;2;4;1;B01
200700082083;0;1;0;0;2;4;1;B01
200700082085;0;1;0;0;2;1;1;B01
200700082085;0;1;0;0;2;1;1;C01
200700082094;0;1;0;0;2;1;5;A01
200700082161;0;1;0;0;1;1;1;A01
200700082186;0;1;0;0;2;4;1;A01
200700082195;0;1;0;0;2;1;1;A01
200700082200;0;1;0;0;0;4;2;B02
200700082249;0;1;0;0;2;1;1;A01
200700082294;0;1;0;0;0;0;0;A01
200700082304;0;1;0;0;2;0;0;B01
200700082317;0;1;0;0;0;9;1;A01
200700082322;0;1;0;0;2;1;1;A01
200700082330;0;1;0;0;2;0;0;B01
200700082334;0;1;0;0;2;0;0;B01
200700082344;0;1;0;0;2;2;1;B01
200700082348;0;1;0;0;2;0;1;B01
200700082368;0;1;0;0;0;0;1;C01
200700082380;0;1;0;0;2;1;1;A01
200700082383;0;1;0;0;2;1;1;B01
200700082387;0;1;0;0;2;1;8;C01
200700082451;0;1;0;0;2;0;19;A01
200700082457;0;1;0;0;2;1;13;B02
200700082467;0;1;0;0;2;1;1;B02
200700082496;0;1;0;12;0;2;1;A01
200700082544;0;1;0;0;2;1;0;A01
200700082608;0;1;0;0;2;1;1;B01
200700082609;0;1;0;0;9;1;0;B01
200700082625;0;1;0;0;2;1;1;B01
200700082651;0;1;0;0;2;1;1;A01
200700082652;0;1;0;0;2;1;1;A01
200700082659;0;1;0;0;2;6;18;A01
200700082664;0;1;0;0;2;2;0;A01
200700082669;0;1;0;0;0;0;15;A01
200700082672;0;1;0;0;2;1;8;A01
200700082678;0;1;0;0;2;8;1;B01
200700082680;0;1;0;0;2;8;19;B01
200700082733;0;1;0;0;2;1;0;B02
200700082763;0;1;0;0;2;3;2;B02
200700082833;0;1;0;0;2;1;0;B01
200700082868;0;1;0;0;0;7;15;A01
200700082873;0;1;0;0;2;8;0;B01
200700082885;0;1;0;0;2;1;0;B01
200700082897;0;1;0;0;2;1;13;A01
200700082912;0;1;0;0;2;0;0;A01
200700082921;0;1;0;0;2;4;1;A01
200700082935;0;1;0;0;2;0;0;A01
200700082950;0;1;0;0;2;8;19;B01
200700082962;0;1;0;0;0;4;1;B01
200700082965;0;1;0;0;2;1;1;A01
200700083027;0;1;0;0;2;1;13;A01
200700083045;0;1;0;0;2;1;13;B02
200700083061;0;1;0;0;2;1;13;B02
200700083066;0;1;0;0;2;8;15;B02
200700083070;0;1;0;0;0;8;2;B02
200700083078;0;1;0;0;2;1;17;A01
200700083195;0;1;0;0;0;0;0;A01
200700083204;0;1;0;0;2;1;0;B01
200700083206;0;1;0;0;2;0;0;B01
200700083210;0;1;0;0;2;0;0;B01
200700083216;0;1;0;0;2;1;1;A01
200700083219;0;1;0;0;2;7;19;B01
200700083228;0;1;0;0;2;3;1;D01
200700083298;0;1;0;0;2;7;19;B02
200700083314;0;1;0;0;0;8;15;B02
200700083316;0;1;0;0;0;5;5;B02
200700083331;0;1;0;0;2;4;13;A01
200700083335;0;1;0;0;2;2;15;A01
200700083337;0;1;0;0;2;1;1;B02
200700083342;0;1;0;0;2;8;0;B02
200700083343;0;1;0;0;0;8;1;B02
200700083368;0;1;0;0;2;6;13;B02
200700083393;0;1;0;0;2;4;0;B01
200700083421;0;1;0;0;2;0;5;A01
200700083446;0;1;0;0;2;1;15;A01
200700083448;0;1;0;0;2;1;15;B01
200700083452;0;1;0;0;2;4;1;B01
200700083463;0;1;0;0;2;1;1;A01
200700083464;0;1;0;0;2;1;1;B01
200700083466;0;1;0;1;2;1;1;A01
200700083544;0;1;0;0;2;1;13;A01
200700083546;0;1;0;0;2;1;1;B02
200700083555;0;1;0;0;2;3;19;B02
200700083571;0;1;0;0;0;1;1;A01
200700083578;0;1;0;0;2;1;15;A01
200700083584;0;1;0;0;0;4;1;B02
200700083584;0;1;0;0;0;0;1;C03
200700083585;0;1;0;0;2;1;1;B02
200700083597;0;1;0;0;2;1;13;B02
200700083639;0;1;0;0;2;8;15;B02
200700083649;0;1;0;12;0;0;0;A01
200700083653;0;1;0;0;2;0;0;B01
200700083703;0;1;0;0;2;1;1;B01
200700083716;0;1;0;0;2;6;1;A01
200700083718;0;1;0;0;2;1;3;B01
200700083723;0;1;0;0;2;1;17;A01
200700083730;0;1;0;0;2;8;19;B01
200700083806;0;1;0;0;2;4;19;B01
200700083811;0;1;0;0;2;1;1;B01
200700083822;0;1;0;0;0;4;1;B02
200700083826;0;1;0;0;0;4;1;B02
200700083845;0;1;0;0;2;4;19;A01
200700083865;0;1;0;0;2;1;1;B02
200700083866;0;1;0;0;0;4;1;A01
200700083902;0;1;0;0;2;1;5;A01
200700083915;0;1;0;0;0;7;15;A01
200700083979;0;1;0;0;2;1;1;A01
200700083985;0;1;0;0;2;0;15;B01
200700083991;0;1;0;0;2;8;13;A01
200700084003;0;1;0;0;2;1;18;B01
200700084004;0;1;0;0;2;1;1;B01
200700084005;0;1;0;0;9;4;15;B01
200700084008;0;1;0;0;2;1;16;A01
200700084020;0;1;0;0;2;4;1;B01
200700084021;0;1;0;0;2;8;1;B01
200700084038;0;1;0;0;0;8;19;B01
200700084044;0;1;0;1;0;1;1;B01
200700084049;0;1;0;0;1;1;1;A01
200700084060;0;1;0;0;2;8;15;B01
200700084065;0;1;0;0;2;1;1;A01
200700084116;0;1;0;0;2;1;19;B02
200700084127;0;1;0;0;2;1;13;B02
200700084136;0;1;0;0;2;7;19;C03
200700084142;0;1;0;0;0;0;1;C03
200700084153;0;1;0;0;0;4;0;B02
200700084154;0;1;0;0;0;8;19;B02
200700084156;0;1;0;0;0;0;1;B02
200700084157;0;1;0;0;2;0;13;B02
200700084163;0;1;0;0;0;1;1;B02
200700084166;0;1;0;0;0;8;15;B02
200700084177;0;1;0;0;2;1;1;B02
200700084178;0;1;0;0;2;1;1;A01
200700084224;0;1;0;0;2;7;19;B02
200700084226;0;1;0;0;0;5;0;B02
200700084228;0;1;0;0;2;9;19;A01
200700084267;0;1;0;0;2;7;0;B01
200700084269;0;1;0;0;9;4;1;B01
200700084284;0;1;0;0;2;1;2;A01
200700084294;0;1;0;0;2;1;1;A01
200700084302;0;1;0;0;9;0;2;B01
200700084304;0;1;0;0;2;1;2;A01
200700084307;0;1;0;0;9;4;2;C01
200700084308;0;1;0;0;9;1;1;B01
200700084308;0;1;0;0;9;1;5;A01
200700084309;0;1;0;0;2;1;19;A01
200700084311;0;1;0;0;2;1;16;A01
200700084315;0;1;0;0;2;1;9;A01
200700084323;0;1;0;0;2;1;16;B01
200700084335;0;1;0;0;2;1;1;A01
200700084357;0;1;0;0;2;8;1;B01
200700084442;0;1;0;0;2;1;5;A01
200700084462;0;1;0;0;2;6;2;B02
200700084465;0;1;0;1;0;1;1;B02
200700084467;0;1;0;0;2;1;1;B02
200700084564;0;1;0;0;2;3;1;B01
200700084602;0;1;0;0;2;0;0;B01
200700084604;0;1;0;0;2;0;0;B01
200700084636;0;1;0;0;2;0;1;B01
200700084647;0;1;0;0;2;1;5;B01
200700084658;0;1;0;0;1;1;1;A01
200700084674;0;1;0;0;9;8;15;B01
200700084678;0;1;0;0;2;7;1;B01
200700084687;0;1;0;0;2;1;1;B01
200700084698;0;1;0;0;2;1;0;A01